{"hostname": "nid02042", "k0_loc": 257, "k1_loc": 1024, "key_solver": "ns2d", "n0": 1024, "n0_loc": 512, "n1": 1024, "n1_loc": 1024, "nb_iter": 1000, "nb_proc": 2, "pid": 43984, "t_elapsed_sys": 186.49250849382952, "t_elapsed_usr": 186.49250984191895, "time_as_str": "2017-11-14_03-40-38", "type_fft": "fluidfft.fft2d.mpi_with_fftwmpi2d"}
