{"hostname": "nid01936", "k0_loc": 32, "k1_loc": 512, "key_solver": "ns2d", "n0": 512, "n0_loc": 32, "n1": 1024, "n1_loc": 1024, "nb_iter": 1000, "nb_proc": 16, "pid": 28718, "t_elapsed_sys": 40.15035308385268, "t_elapsed_usr": 40.15035557746887, "time_as_str": "2017-10-31_21-40-43", "type_fft": "fluidfft.fft2d.mpi_with_fftw1d"}
