{"hostname": "nid01953", "k0_loc": 32, "k1_loc": 512, "key_solver": "ns2d", "n0": 512, "n0_loc": 32, "n1": 1024, "n1_loc": 1024, "nb_iter": 1000, "nb_proc": 16, "pid": 53712, "t_elapsed_sys": 41.51696739997715, "t_elapsed_usr": 41.51696968078613, "time_as_str": "2017-10-31_21-44-26", "type_fft": "fluidfft.fft2d.mpi_with_fftw1d"}
