{"hostname": "nid00762", "k0_loc": 16, "k1_loc": 1024, "key_solver": "ns2d", "n0": 1024, "n0_loc": 32, "n1": 1024, "n1_loc": 1024, "nb_iter": 1000, "nb_proc": 32, "pid": 55692, "t_elapsed_sys": 45.21800569118932, "t_elapsed_usr": 45.21800756454468, "time_as_str": "2017-10-31_19-26-32", "type_fft": "fluidfft.fft2d.mpi_with_fftw1d"}
