{"hostname": "nid00763", "k0_loc": 64, "k1_loc": 1024, "key_solver": "ns2d", "n0": 1024, "n0_loc": 128, "n1": 1024, "n1_loc": 1024, "nb_iter": 1000, "nb_proc": 8, "pid": 56267, "t_elapsed_sys": 151.1643988271244, "t_elapsed_usr": 151.16440105438232, "time_as_str": "2017-10-31_19-27-46", "type_fft": "fluidfft.fft2d.mpi_with_fftw1d"}
