{"hostname": "nid00696", "k0_loc": 32, "k1_loc": 512, "key_solver": "ns2d", "n0": 512, "n0_loc": 32, "n1": 1024, "n1_loc": 1024, "nb_iter": 1000, "nb_proc": 16, "pid": 60248, "t_elapsed_sys": 40.819390452001244, "t_elapsed_usr": 40.819393157958984, "time_as_str": "2017-11-14_04-24-57", "type_fft": "fluidfft.fft2d.mpi_with_fftw1d"}
