{"hostname": "nid02022", "k0_loc": 32, "k1_loc": 512, "key_solver": "ns2d", "n0": 512, "n0_loc": 32, "n1": 1024, "n1_loc": 1024, "nb_iter": 1000, "nb_proc": 16, "pid": 6060, "t_elapsed_sys": 40.45721934409812, "t_elapsed_usr": 40.45722222328186, "time_as_str": "2017-10-31_21-44-19", "type_fft": "fluidfft.fft2d.mpi_with_fftw1d"}
