{"hostname": "nid01073", "k0_loc": 129, "k1_loc": 128, "key_solver": "ns2d", "n0": 128, "n0_loc": 32, "n1": 1024, "n1_loc": 1024, "nb_iter": 1000, "nb_proc": 4, "pid": 22989, "t_elapsed_sys": 9.696368460019585, "t_elapsed_usr": 9.696370363235474, "time_as_str": "2017-11-14_04-12-21", "type_fft": "fluidfft.fft2d.mpi_with_fftwmpi2d"}
