{"hostname": "nid00191", "k0_loc": 2, "k1_loc": 8192, "key_solver": "ns2d", "n0": 8192, "n0_loc": 32, "n1": 1024, "n1_loc": 1024, "nb_iter": 1000, "nb_proc": 256, "pid": 32057, "t_elapsed_sys": 216.21990010049194, "t_elapsed_usr": 216.21990203857422, "time_as_str": "2017-10-31_21-44-21", "type_fft": "fluidfft.fft2d.mpi_with_fftw1d"}
