{"hostname": "nid01956", "k0_loc": 16, "k1_loc": 1024, "key_solver": "ns2d", "n0": 1024, "n0_loc": 32, "n1": 1024, "n1_loc": 1024, "nb_iter": 1000, "nb_proc": 32, "pid": 45496, "t_elapsed_sys": 45.35162315610796, "t_elapsed_usr": 45.35162544250488, "time_as_str": "2017-10-31_21-43-43", "type_fft": "fluidfft.fft2d.mpi_with_fftw1d"}
