{"hostname": "nid01920", "k0_loc": 256, "k1_loc": 1024, "key_solver": "ns2d", "n0": 1024, "n0_loc": 512, "n1": 1024, "n1_loc": 1024, "nb_iter": 1000, "nb_proc": 2, "pid": 23572, "t_elapsed_sys": 373.26979839988053, "t_elapsed_usr": 373.2698001861572, "time_as_str": "2017-10-31_19-26-08", "type_fft": "fluidfft.fft2d.mpi_with_fftw1d"}
