{"hostname": "nid00375", "k0_loc": 64, "k1_loc": 1024, "key_solver": "ns2d", "n0": 1024, "n0_loc": 128, "n1": 1024, "n1_loc": 1024, "nb_iter": 1000, "nb_proc": 8, "pid": 28515, "t_elapsed_sys": 151.72307074535638, "t_elapsed_usr": 151.7230727672577, "time_as_str": "2017-10-31_19-20-31", "type_fft": "fluidfft.fft2d.mpi_with_fftw1d"}
