{"hostname": "nid00635", "k0_loc": 257, "k1_loc": 1024, "key_solver": "ns2d", "n0": 1024, "n0_loc": 512, "n1": 1024, "n1_loc": 1024, "nb_iter": 1000, "nb_proc": 2, "pid": 63279, "t_elapsed_sys": 184.0031461471226, "t_elapsed_usr": 184.00314784049988, "time_as_str": "2017-11-14_03-43-37", "type_fft": "fluidfft.fft2d.mpi_with_fftwmpi2d"}
