{"hostname": "nid01773", "k0_loc": 8, "k1_loc": 2048, "key_solver": "ns2d", "n0": 2048, "n0_loc": 32, "n1": 1024, "n1_loc": 1024, "nb_iter": 1000, "nb_proc": 64, "pid": 10639, "t_elapsed_sys": 48.873087965883315, "t_elapsed_usr": 48.87309002876282, "time_as_str": "2017-10-31_21-40-57", "type_fft": "fluidfft.fft2d.mpi_with_fftw1d"}
