{"hostname": "nid01927", "k0_loc": 512, "k1_loc": 1024, "key_solver": "ns2d", "n0": 1024, "n0_loc": 1024, "n1": 1024, "n1_loc": 1024, "nb_iter": 20, "nb_proc": 1, "pid": 17273, "t_elapsed_sys": 6.821966402931139, "t_elapsed_usr": 6.821968078613281, "time_as_str": "2017-11-26_23-48-54", "type_fft": "fluidfft.fft2d.with_fftw1d"}
