{"hostname": "nid01949", "k0_loc": 512, "k1_loc": 1024, "key_solver": "ns2d", "n0": 1024, "n0_loc": 1024, "n1": 1024, "n1_loc": 1024, "nb_iter": 20, "nb_proc": 1, "pid": 36863, "t_elapsed_sys": 6.786723498022184, "t_elapsed_usr": 6.786725044250488, "time_as_str": "2017-11-26_23-49-02", "type_fft": "fluidfft.fft2d.with_fftw1d"}
