{"hostname": "nid00766", "k0_loc": 8, "k1_loc": 1024, "key_solver": "ns2d", "n0": 1024, "n0_loc": 16, "n1": 1024, "n1_loc": 1024, "nb_iter": 1000, "nb_proc": 64, "pid": 64343, "t_elapsed_sys": 72.82229141658172, "t_elapsed_usr": 72.82229399681091, "time_as_str": "2017-10-31_19-26-30", "type_fft": "fluidfft.fft2d.mpi_with_fftw1d"}
