{"hostname": "nid02094", "k0_loc": 8, "k1_loc": 1024, "key_solver": "ns2d", "n0": 1024, "n0_loc": 16, "n1": 1024, "n1_loc": 1024, "nb_iter": 1000, "nb_proc": 64, "pid": 9308, "t_elapsed_sys": 73.03991738706827, "t_elapsed_usr": 73.03991961479187, "time_as_str": "2017-10-31_19-29-12", "type_fft": "fluidfft.fft2d.mpi_with_fftw1d"}
