{"hostname": "nid00694", "k0_loc": 32, "k1_loc": 512, "key_solver": "ns2d", "n0": 512, "n0_loc": 32, "n1": 1024, "n1_loc": 1024, "nb_iter": 1000, "nb_proc": 16, "pid": 29816, "t_elapsed_sys": 39.986840395024046, "t_elapsed_usr": 39.98684239387512, "time_as_str": "2017-11-14_04-12-01", "type_fft": "fluidfft.fft2d.mpi_with_fftw1d"}
