{"hostname": "nid01971", "k0_loc": 64, "k1_loc": 1024, "key_solver": "ns2d", "n0": 1024, "n0_loc": 128, "n1": 1024, "n1_loc": 1024, "nb_iter": 1000, "nb_proc": 8, "pid": 42409, "t_elapsed_sys": 150.9278705175966, "t_elapsed_usr": 150.92787218093872, "time_as_str": "2017-10-31_19-26-24", "type_fft": "fluidfft.fft2d.mpi_with_fftw1d"}
