{"hostname": "nid00622", "k0_loc": 2, "k1_loc": 1024, "key_solver": "ns2d", "n0": 1024, "n0_loc": 4, "n1": 1024, "n1_loc": 1024, "nb_iter": 1000, "nb_proc": 256, "pid": 10843, "t_elapsed_sys": 49.64010759303346, "t_elapsed_usr": 49.64011073112488, "time_as_str": "2017-10-31_19-23-19", "type_fft": "fluidfft.fft2d.mpi_with_fftw1d"}
