{"hostname": "nid00900", "k0_loc": 4, "k1_loc": 4096, "key_solver": "ns2d", "n0": 4096, "n0_loc": 32, "n1": 1024, "n1_loc": 1024, "nb_iter": 1000, "nb_proc": 128, "pid": 18775, "t_elapsed_sys": 172.96842253673822, "t_elapsed_usr": 172.9684247970581, "time_as_str": "2017-10-31_21-45-33", "type_fft": "fluidfft.fft2d.mpi_with_fftw1d"}
