{"hostname": "nid00695", "k0_loc": 16, "k1_loc": 1024, "key_solver": "ns2d", "n0": 1024, "n0_loc": 32, "n1": 1024, "n1_loc": 1024, "nb_iter": 1000, "nb_proc": 32, "pid": 30772, "t_elapsed_sys": 44.67792085092515, "t_elapsed_usr": 44.67792367935181, "time_as_str": "2017-11-14_04-21-34", "type_fft": "fluidfft.fft2d.mpi_with_fftw1d"}
