{"hostname": "nid00902", "k0_loc": 4, "k1_loc": 1024, "key_solver": "ns2d", "n0": 1024, "n0_loc": 8, "n1": 1024, "n1_loc": 1024, "nb_iter": 1000, "nb_proc": 128, "pid": 45142, "t_elapsed_sys": 49.84110839944333, "t_elapsed_usr": 49.841110944747925, "time_as_str": "2017-10-31_19-26-46", "type_fft": "fluidfft.fft2d.mpi_with_fftw1d"}
