{"hostname": "nid00561", "k0_loc": 256, "k1_loc": 64, "key_solver": "ns2d", "n0": 64, "n0_loc": 32, "n1": 1024, "n1_loc": 1024, "nb_iter": 1000, "nb_proc": 2, "pid": 30005, "t_elapsed_sys": 18.018995396094397, "t_elapsed_usr": 18.018996715545654, "time_as_str": "2017-11-14_04-24-46", "type_fft": "fluidfft.fft2d.mpi_with_fftw1d"}
