{"hostname": "nid00234", "k0_loc": 256, "k1_loc": 1024, "key_solver": "ns2d", "n0": 1024, "n0_loc": 512, "n1": 1024, "n1_loc": 1024, "nb_iter": 1000, "nb_proc": 2, "pid": 35863, "t_elapsed_sys": 376.15677772893105, "t_elapsed_usr": 376.1567792892456, "time_as_str": "2017-10-31_19-20-50", "type_fft": "fluidfft.fft2d.mpi_with_fftw1d"}
