{"hostname": "nid00832", "k0_loc": 2, "k1_loc": 8192, "key_solver": "ns2d", "n0": 8192, "n0_loc": 32, "n1": 1024, "n1_loc": 1024, "nb_iter": 1000, "nb_proc": 256, "pid": 58014, "t_elapsed_sys": 198.13620831165463, "t_elapsed_usr": 198.13621068000793, "time_as_str": "2017-10-31_21-45-33", "type_fft": "fluidfft.fft2d.mpi_with_fftw1d"}
