{"hostname": "nid00712", "k0_loc": 16, "k1_loc": 1024, "key_solver": "ns2d", "n0": 1024, "n0_loc": 32, "n1": 1024, "n1_loc": 1024, "nb_iter": 1000, "nb_proc": 32, "pid": 45151, "t_elapsed_sys": 45.175475041847676, "t_elapsed_usr": 45.175477743148804, "time_as_str": "2017-10-31_21-44-36", "type_fft": "fluidfft.fft2d.mpi_with_fftw1d"}
