{"hostname": "nid00693", "k0_loc": 64, "k1_loc": 256, "key_solver": "ns2d", "n0": 256, "n0_loc": 32, "n1": 1024, "n1_loc": 1024, "nb_iter": 1000, "nb_proc": 8, "pid": 7559, "t_elapsed_sys": 31.510211739921942, "t_elapsed_usr": 31.51021409034729, "time_as_str": "2017-11-14_04-11-59", "type_fft": "fluidfft.fft2d.mpi_with_fftw1d"}
