{"hostname": "nid00211", "k0_loc": 129, "k1_loc": 1024, "key_solver": "ns2d", "n0": 1024, "n0_loc": 256, "n1": 1024, "n1_loc": 1024, "nb_iter": 1000, "nb_proc": 4, "pid": 33656, "t_elapsed_sys": 106.41021663881838, "t_elapsed_usr": 106.41021823883057, "time_as_str": "2017-11-13_21-08-30", "type_fft": "fluidfft.fft2d.mpi_with_fftwmpi2d"}
