{"hostname": "nid00635", "k0_loc": 129, "k1_loc": 1024, "key_solver": "ns2d", "n0": 1024, "n0_loc": 256, "n1": 1024, "n1_loc": 1024, "nb_iter": 1000, "nb_proc": 4, "pid": 63051, "t_elapsed_sys": 104.9231450271327, "t_elapsed_usr": 104.9231469631195, "time_as_str": "2017-11-14_03-39-32", "type_fft": "fluidfft.fft2d.mpi_with_fftwmpi2d"}
