{"hostname": "nid01768", "k0_loc": 4, "k1_loc": 4096, "key_solver": "ns2d", "n0": 4096, "n0_loc": 32, "n1": 1024, "n1_loc": 1024, "nb_iter": 1000, "nb_proc": 128, "pid": 47628, "t_elapsed_sys": 169.25306750368327, "t_elapsed_usr": 169.25307059288025, "time_as_str": "2017-10-31_21-41-21", "type_fft": "fluidfft.fft2d.mpi_with_fftw1d"}
