{"hostname": "nid00693", "k0_loc": 16, "k1_loc": 1024, "key_solver": "ns2d", "n0": 1024, "n0_loc": 32, "n1": 1024, "n1_loc": 1024, "nb_iter": 1000, "nb_proc": 32, "pid": 12062, "t_elapsed_sys": 45.28292783116922, "t_elapsed_usr": 45.28293061256409, "time_as_str": "2017-10-31_19-20-40", "type_fft": "fluidfft.fft2d.mpi_with_fftw1d"}
