{"hostname": "nid00695", "k0_loc": 64, "k1_loc": 256, "key_solver": "ns2d", "n0": 256, "n0_loc": 32, "n1": 1024, "n1_loc": 1024, "nb_iter": 1000, "nb_proc": 8, "pid": 31450, "t_elapsed_sys": 30.905758220003918, "t_elapsed_usr": 30.905760526657104, "time_as_str": "2017-11-14_04-24-56", "type_fft": "fluidfft.fft2d.mpi_with_fftw1d"}
