{"hostname": "nid00249", "k0_loc": 33, "k1_loc": 1024, "key_solver": "ns2d", "n0": 1024, "n0_loc": 64, "n1": 1024, "n1_loc": 1024, "nb_iter": 1000, "nb_proc": 16, "pid": 25246, "t_elapsed_sys": 49.59694802504964, "t_elapsed_usr": 49.5969500541687, "time_as_str": "2017-11-13_21-08-31", "type_fft": "fluidfft.fft2d.mpi_with_fftwmpi2d"}
