{"hostname": "nid01976", "k0_loc": 512, "k1_loc": 1024, "key_solver": "ns2d", "n0": 1024, "n0_loc": 1024, "n1": 1024, "n1_loc": 1024, "nb_iter": 20, "nb_proc": 1, "pid": 58743, "t_elapsed_sys": 6.744584908010438, "t_elapsed_usr": 6.74458646774292, "time_as_str": "2017-11-26_23-49-01", "type_fft": "fluidfft.fft2d.with_fftw1d"}
