{"hostname": "nid00693", "k0_loc": 8, "k1_loc": 2048, "key_solver": "ns2d", "n0": 2048, "n0_loc": 32, "n1": 1024, "n1_loc": 1024, "nb_iter": 1000, "nb_proc": 64, "pid": 7866, "t_elapsed_sys": 50.61474405298941, "t_elapsed_usr": 50.61474633216858, "time_as_str": "2017-11-14_04-14-13", "type_fft": "fluidfft.fft2d.mpi_with_fftw1d"}
