{"hostname": "nid01926", "k0_loc": 256, "k1_loc": 1024, "key_solver": "ns2d", "n0": 1024, "n0_loc": 512, "n1": 1024, "n1_loc": 1024, "nb_iter": 1000, "nb_proc": 2, "pid": 9725, "t_elapsed_sys": 375.35520020499825, "t_elapsed_usr": 375.3552017211914, "time_as_str": "2017-10-31_19-27-36", "type_fft": "fluidfft.fft2d.mpi_with_fftw1d"}
