{"hostname": "nid01417", "k0_loc": 2, "k1_loc": 8192, "key_solver": "ns2d", "n0": 8192, "n0_loc": 32, "n1": 1024, "n1_loc": 1024, "nb_iter": 1000, "nb_proc": 256, "pid": 10420, "t_elapsed_sys": 204.4471297399141, "t_elapsed_usr": 204.44713234901428, "time_as_str": "2017-11-14_04-26-42", "type_fft": "fluidfft.fft2d.mpi_with_fftw1d"}
