{"hostname": "nid00690", "k0_loc": 65, "k1_loc": 1024, "key_solver": "ns2d", "n0": 1024, "n0_loc": 128, "n1": 1024, "n1_loc": 1024, "nb_iter": 1000, "nb_proc": 8, "pid": 24328, "t_elapsed_sys": 64.91928572300822, "t_elapsed_usr": 64.91928768157959, "time_as_str": "2017-11-14_03-43-41", "type_fft": "fluidfft.fft2d.mpi_with_fftwmpi2d"}
