{"hostname": "nid00375", "k0_loc": 32, "k1_loc": 1024, "key_solver": "ns2d", "n0": 1024, "n0_loc": 64, "n1": 1024, "n1_loc": 1024, "nb_iter": 1000, "nb_proc": 16, "pid": 28856, "t_elapsed_sys": 95.76524302083999, "t_elapsed_usr": 95.76524519920349, "time_as_str": "2017-10-31_19-26-20", "type_fft": "fluidfft.fft2d.mpi_with_fftw1d"}
