{"hostname": "nid00762", "k0_loc": 8, "k1_loc": 1024, "key_solver": "ns2d", "n0": 1024, "n0_loc": 16, "n1": 1024, "n1_loc": 1024, "nb_iter": 1000, "nb_proc": 64, "pid": 54268, "t_elapsed_sys": 73.09192292531952, "t_elapsed_usr": 73.09192562103271, "time_as_str": "2017-10-31_19-20-53", "type_fft": "fluidfft.fft2d.mpi_with_fftw1d"}
