{"hostname": "nid00227", "k0_loc": 129, "k1_loc": 1024, "key_solver": "ns2d", "n0": 1024, "n0_loc": 256, "n1": 1024, "n1_loc": 1024, "nb_iter": 1000, "nb_proc": 4, "pid": 24961, "t_elapsed_sys": 105.73200906498823, "t_elapsed_usr": 105.73201107978821, "time_as_str": "2017-11-13_12-23-02", "type_fft": "fluidfft.fft2d.mpi_with_fftwmpi2d"}
