{"hostname": "nid02074", "k0_loc": 257, "k1_loc": 1024, "key_solver": "ns2d", "n0": 1024, "n0_loc": 512, "n1": 1024, "n1_loc": 1024, "nb_iter": 1000, "nb_proc": 2, "pid": 58514, "t_elapsed_sys": 187.5181758068502, "t_elapsed_usr": 187.51817750930786, "time_as_str": "2017-11-13_21-10-17", "type_fft": "fluidfft.fft2d.mpi_with_fftwmpi2d"}
