{"hostname": "nid01737", "k0_loc": 2, "k1_loc": 1024, "key_solver": "ns2d", "n0": 1024, "n0_loc": 4, "n1": 1024, "n1_loc": 1024, "nb_iter": 1000, "nb_proc": 256, "pid": 39256, "t_elapsed_sys": 40.034360899124295, "t_elapsed_usr": 40.034363985061646, "time_as_str": "2017-10-31_19-41-56", "type_fft": "fluidfft.fft2d.mpi_with_fftw1d"}
