{"hostname": "nid01073", "k0_loc": 16, "k1_loc": 1024, "key_solver": "ns2d", "n0": 1024, "n0_loc": 32, "n1": 1024, "n1_loc": 1024, "nb_iter": 1000, "nb_proc": 32, "pid": 24826, "t_elapsed_sys": 44.311336420010775, "t_elapsed_usr": 44.31133842468262, "time_as_str": "2017-11-14_04-25-09", "type_fft": "fluidfft.fft2d.mpi_with_fftw1d"}
