{"hostname": "nid00713", "k0_loc": 8, "k1_loc": 2048, "key_solver": "ns2d", "n0": 2048, "n0_loc": 32, "n1": 1024, "n1_loc": 1024, "nb_iter": 1000, "nb_proc": 64, "pid": 62305, "t_elapsed_sys": 146.02874623099342, "t_elapsed_usr": 146.02874946594238, "time_as_str": "2017-10-31_21-44-27", "type_fft": "fluidfft.fft2d.mpi_with_fftw1d"}
