{"hostname": "nid02073", "k0_loc": 65, "k1_loc": 256, "key_solver": "ns2d", "n0": 256, "n0_loc": 32, "n1": 1024, "n1_loc": 1024, "nb_iter": 1000, "nb_proc": 8, "pid": 7140, "t_elapsed_sys": 13.838149700080976, "t_elapsed_usr": 13.838151454925537, "time_as_str": "2017-11-14_04-26-36", "type_fft": "fluidfft.fft2d.mpi_with_fftwmpi2d"}
