{"hostname": "nid00694", "k0_loc": 32, "k1_loc": 512, "key_solver": "ns2d", "n0": 512, "n0_loc": 32, "n1": 1024, "n1_loc": 1024, "nb_iter": 1000, "nb_proc": 16, "pid": 30931, "t_elapsed_sys": 40.464339384110644, "t_elapsed_usr": 40.46434187889099, "time_as_str": "2017-11-14_04-21-24", "type_fft": "fluidfft.fft2d.mpi_with_fftw1d"}
