{"hostname": "nid01615", "k0_loc": 4, "k1_loc": 4096, "key_solver": "ns2d", "n0": 4096, "n0_loc": 32, "n1": 1024, "n1_loc": 1024, "nb_iter": 1000, "nb_proc": 128, "pid": 15877, "t_elapsed_sys": 175.1886894889176, "t_elapsed_usr": 175.1886920928955, "time_as_str": "2017-11-14_04-23-26", "type_fft": "fluidfft.fft2d.mpi_with_fftw1d"}
