{"hostname": "n153", "k0_loc": 32, "k1_loc": 512, "key_solver": "ns2d", "n0": 512, "n0_loc": 32, "n1": 1024, "n1_loc": 1024, "nb_iter": 1000, "nb_proc": 16, "pid": 7744, "t_elapsed_sys": 25.76187083311379, "t_elapsed_usr": 25.76187515258789, "time_as_str": "2017-11-14_08-07-06", "type_fft": "fluidfft.fft2d.mpi_with_fftw1d"}
