{"hostname": "n1300", "k0_loc": 33, "k1_loc": 1024, "key_solver": "ns2d", "n0": 1024, "n0_loc": 64, "n1": 1024, "n1_loc": 1024, "nb_iter": 20, "nb_proc": 16, "pid": 39081, "t_elapsed_sys": 1.163651943905279, "t_elapsed_usr": 1.1636559963226318, "time_as_str": "2017-11-24_14-06-06", "type_fft": "fluidfft.fft2d.mpi_with_fftwmpi2d"}
