{"hostname": "n99", "k0_loc": 8, "k1_loc": 1024, "key_solver": "ns2d", "n0": 1024, "n0_loc": 16, "n1": 1024, "n1_loc": 1024, "nb_iter": 1000, "nb_proc": 64, "pid": 33787, "t_elapsed_sys": 33.58347730297828, "t_elapsed_usr": 33.58348059654236, "time_as_str": "2017-10-31_11-57-12", "type_fft": "fluidfft.fft2d.mpi_with_fftw1d"}
