{"hostname": "n152", "k0_loc": 256, "k1_loc": 64, "key_solver": "ns2d", "n0": 64, "n0_loc": 32, "n1": 1024, "n1_loc": 1024, "nb_iter": 1000, "nb_proc": 2, "pid": 4680, "t_elapsed_sys": 15.633538139984012, "t_elapsed_usr": 15.633542537689209, "time_as_str": "2017-11-14_08-07-05", "type_fft": "fluidfft.fft2d.mpi_with_fftw1d"}
