{"hostname": "n61", "k0_loc": 256, "k1_loc": 1024, "key_solver": "ns2d", "n0": 1024, "n0_loc": 512, "n1": 1024, "n1_loc": 1024, "nb_iter": 1000, "nb_proc": 2, "pid": 52285, "t_elapsed_sys": 416.56794410198927, "t_elapsed_usr": 416.56794834136963, "time_as_str": "2017-10-31_10-43-14", "type_fft": "fluidfft.fft2d.mpi_with_fftw1d"}
