{"hostname": "n1047", "k0_loc": 32, "k1_loc": 1024, "key_solver": "ns2d", "n0": 1024, "n0_loc": 64, "n1": 1024, "n1_loc": 1024, "nb_iter": 1000, "nb_proc": 16, "pid": 9941, "t_elapsed_sys": 65.7788465229678, "t_elapsed_usr": 65.7788507938385, "time_as_str": "2017-10-31_12-14-05", "type_fft": "fluidfft.fft2d.mpi_with_fftw1d"}
