{"hostname": "n1173", "k0_loc": 65, "k1_loc": 256, "key_solver": "ns2d", "n0": 256, "n0_loc": 32, "n1": 1024, "n1_loc": 1024, "nb_iter": 1000, "nb_proc": 8, "pid": 31050, "t_elapsed_sys": 23.454774774145335, "t_elapsed_usr": 23.454778909683228, "time_as_str": "2017-11-14_08-12-39", "type_fft": "fluidfft.fft2d.mpi_with_fftwmpi2d"}
