{"hostname": "n43", "k0_loc": 129, "k1_loc": 128, "key_solver": "ns2d", "n0": 128, "n0_loc": 32, "n1": 1024, "n1_loc": 1024, "nb_iter": 1000, "nb_proc": 4, "pid": 55075, "t_elapsed_sys": 15.367037700954825, "t_elapsed_usr": 15.36704134941101, "time_as_str": "2017-11-14_08-45-37", "type_fft": "fluidfft.fft2d.mpi_with_fftwmpi2d"}
