{"hostname": "n26", "k0_loc": 256, "k1_loc": 128, "key_solver": "ns2d", "n0": 128, "n0_loc": 64, "n1": 1024, "n1_loc": 1024, "nb_iter": 20, "nb_proc": 2, "pid": 29215, "t_elapsed_sys": 0.4703961369814351, "t_elapsed_usr": 0.4703981876373291, "time_as_str": "2017-11-24_13-50-09", "type_fft": "fluidfft.fft2d.mpi_with_fftw1d"}
