{"hostname": "n1057", "k0_loc": 32, "k1_loc": 1024, "key_solver": "ns2d", "n0": 1024, "n0_loc": 64, "n1": 1024, "n1_loc": 1024, "nb_iter": 1000, "nb_proc": 16, "pid": 17925, "t_elapsed_sys": 66.2797682190012, "t_elapsed_usr": 66.27977252006531, "time_as_str": "2017-10-31_12-12-19", "type_fft": "fluidfft.fft2d.mpi_with_fftw1d"}
