{"hostname": "n152", "k0_loc": 128, "k1_loc": 128, "key_solver": "ns2d", "n0": 128, "n0_loc": 32, "n1": 1024, "n1_loc": 1024, "nb_iter": 1000, "nb_proc": 4, "pid": 4422, "t_elapsed_sys": 18.83166195405647, "t_elapsed_usr": 18.831664562225342, "time_as_str": "2017-11-14_08-07-05", "type_fft": "fluidfft.fft2d.mpi_with_fftw1d"}
