{"hostname": "n1245", "k0_loc": 33, "k1_loc": 512, "key_solver": "ns2d", "n0": 512, "n0_loc": 32, "n1": 1024, "n1_loc": 1024, "nb_iter": 1000, "nb_proc": 16, "pid": 49523, "t_elapsed_sys": 23.069938892964274, "t_elapsed_usr": 23.069944858551025, "time_as_str": "2017-11-14_08-16-34", "type_fft": "fluidfft.fft2d.mpi_with_fftwmpi2d"}
