{"hostname": "n79", "k0_loc": 512, "k1_loc": 1024, "key_solver": "ns2d", "n0": 1024, "n0_loc": 1024, "n1": 1024, "n1_loc": 1024, "nb_iter": 20, "nb_proc": 1, "pid": 48054, "t_elapsed_sys": 9.688530098064803, "t_elapsed_usr": 9.68853211402893, "time_as_str": "2017-11-24_13-50-09", "type_fft": "fluidfft.fft2d.with_fftw1d"}
