{"hostname": "n1257", "k0_loc": 16, "k1_loc": 1024, "key_solver": "ns2d", "n0": 1024, "n0_loc": 32, "n1": 1024, "n1_loc": 1024, "nb_iter": 1000, "nb_proc": 32, "pid": 58775, "t_elapsed_sys": 38.83516602299642, "t_elapsed_usr": 38.83517003059387, "time_as_str": "2017-10-31_12-10-12", "type_fft": "fluidfft.fft2d.mpi_with_fftw1d"}
