{"hostname": "n184", "k0_loc": 65, "k1_loc": 512, "key_solver": "ns2d", "n0": 512, "n0_loc": 64, "n1": 1024, "n1_loc": 1024, "nb_iter": 20, "nb_proc": 8, "pid": 26647, "t_elapsed_sys": 0.831150057958439, "t_elapsed_usr": 0.8311541080474854, "time_as_str": "2017-11-24_13-50-10", "type_fft": "fluidfft.fft2d.mpi_with_fftwmpi2d"}
