{"hostname": "n352", "k0_loc": 257, "k1_loc": 1024, "key_solver": "ns2d", "n0": 1024, "n0_loc": 512, "n1": 1024, "n1_loc": 1024, "nb_iter": 1000, "nb_proc": 2, "pid": 53828, "t_elapsed_sys": 283.74474819004536, "t_elapsed_usr": 283.7447531223297, "time_as_str": "2017-11-14_09-09-37", "type_fft": "fluidfft.fft2d.mpi_with_fftwmpi2d"}
