{"hostname": "n352", "k0_loc": 65, "k1_loc": 1024, "key_solver": "ns2d", "n0": 1024, "n0_loc": 128, "n1": 1024, "n1_loc": 1024, "nb_iter": 1000, "nb_proc": 8, "pid": 52198, "t_elapsed_sys": 100.01758608408272, "t_elapsed_usr": 100.01758885383606, "time_as_str": "2017-11-14_09-05-34", "type_fft": "fluidfft.fft2d.mpi_with_fftwmpi2d"}
