{"hostname": "n238", "k0_loc": 32, "k1_loc": 1024, "key_solver": "ns2d", "n0": 1024, "n0_loc": 64, "n1": 1024, "n1_loc": 1024, "nb_iter": 1000, "nb_proc": 16, "pid": 47540, "t_elapsed_sys": 60.22872248699423, "t_elapsed_usr": 60.228726863861084, "time_as_str": "2017-10-31_11-11-09", "type_fft": "fluidfft.fft2d.mpi_with_fftw1d"}
