{"hostname": "n352", "k0_loc": 129, "k1_loc": 1024, "key_solver": "ns2d", "n0": 1024, "n0_loc": 256, "n1": 1024, "n1_loc": 1024, "nb_iter": 1000, "nb_proc": 4, "pid": 52094, "t_elapsed_sys": 159.35640017106198, "t_elapsed_usr": 159.35640406608582, "time_as_str": "2017-11-14_09-07-14", "type_fft": "fluidfft.fft2d.mpi_with_fftwmpi2d"}
