{"hostname": "n1194", "k0_loc": 33, "k1_loc": 1024, "key_solver": "ns2d", "n0": 1024, "n0_loc": 64, "n1": 1024, "n1_loc": 1024, "nb_iter": 1000, "nb_proc": 16, "pid": 13953, "t_elapsed_sys": 55.52072427701205, "t_elapsed_usr": 55.52072739601135, "time_as_str": "2017-11-14_08-57-43", "type_fft": "fluidfft.fft2d.mpi_with_fftwmpi2d"}
