{"hostname": "n146", "k0_loc": 33, "k1_loc": 1024, "key_solver": "ns2d", "n0": 1024, "n0_loc": 64, "n1": 1024, "n1_loc": 1024, "nb_iter": 1000, "nb_proc": 16, "pid": 14066, "t_elapsed_sys": 56.17115278705023, "t_elapsed_usr": 56.17115807533264, "time_as_str": "2017-11-14_09-21-40", "type_fft": "fluidfft.fft2d.mpi_with_fftwmpi2d"}
