{"hostname": "n54", "k0_loc": 8, "k1_loc": 4096, "key_solver": "ns2d", "n0": 4096, "n0_loc": 64, "n1": 1024, "n1_loc": 1024, "nb_iter": 1000, "nb_proc": 64, "pid": 9294, "t_elapsed_sys": 104.70445052604191, "t_elapsed_usr": 104.70445442199707, "time_as_str": "2017-11-14_09-09-38", "type_fft": "fluidfft.fft2d.mpi_with_fftw1d"}
