{"hostname": "n1229", "k0_loc": 8, "k1_loc": 1024, "key_solver": "ns2d", "n0": 1024, "n0_loc": 16, "n1": 1024, "n1_loc": 1024, "nb_iter": 1000, "nb_proc": 64, "pid": 56410, "t_elapsed_sys": 35.02308662299765, "t_elapsed_usr": 35.02309060096741, "time_as_str": "2017-10-31_12-10-53", "type_fft": "fluidfft.fft2d.mpi_with_fftw1d"}
