{"hostname": "n146", "k0_loc": 33, "k1_loc": 1024, "key_solver": "ns2d", "n0": 1024, "n0_loc": 64, "n1": 1024, "n1_loc": 1024, "nb_iter": 1000, "nb_proc": 16, "pid": 12403, "t_elapsed_sys": 56.75550775206648, "t_elapsed_usr": 56.755510330200195, "time_as_str": "2017-11-14_09-19-30", "type_fft": "fluidfft.fft2d.mpi_with_fftwmpi2d"}
