{"hostname": "n1230", "k0_loc": 8, "k1_loc": 4096, "key_solver": "ns2d", "n0": 4096, "n0_loc": 64, "n1": 1024, "n1_loc": 1024, "nb_iter": 1000, "nb_proc": 64, "pid": 31864, "t_elapsed_sys": 103.52262761397287, "t_elapsed_usr": 103.52263236045837, "time_as_str": "2017-11-14_08-39-37", "type_fft": "fluidfft.fft2d.mpi_with_fftw1d"}
