{"hostname": "n1290", "k0_loc": 128, "k1_loc": 128, "key_solver": "ns2d", "n0": 128, "n0_loc": 32, "n1": 1024, "n1_loc": 1024, "nb_iter": 1000, "nb_proc": 4, "pid": 54075, "t_elapsed_sys": 19.099547450896353, "t_elapsed_usr": 19.099550247192383, "time_as_str": "2017-11-14_08-16-34", "type_fft": "fluidfft.fft2d.mpi_with_fftw1d"}
