{"hostname": "n99", "k0_loc": 4, "k1_loc": 1024, "key_solver": "ns2d", "n0": 1024, "n0_loc": 8, "n1": 1024, "n1_loc": 1024, "nb_iter": 1000, "nb_proc": 128, "pid": 37302, "t_elapsed_sys": 61.07929481600877, "t_elapsed_usr": 61.079298973083496, "time_as_str": "2017-10-31_12-11-31", "type_fft": "fluidfft.fft2d.mpi_with_fftw1d"}
