{"hostname": "n112", "k0_loc": 4, "k1_loc": 8192, "key_solver": "ns2d", "n0": 8192, "n0_loc": 64, "n1": 1024, "n1_loc": 1024, "nb_iter": 1000, "nb_proc": 128, "pid": 19347, "t_elapsed_sys": 136.5350348118227, "t_elapsed_usr": 136.53503894805908, "time_as_str": "2017-11-14_09-07-34", "type_fft": "fluidfft.fft2d.mpi_with_fftw1d"}
