{"hostname": "n79", "k0_loc": 1024, "k1_loc": 513, "key_solver": "ns2d", "n0": 1024, "n0_loc": 1024, "n1": 1024, "n1_loc": 1024, "nb_iter": 20, "nb_proc": 1, "pid": 48049, "t_elapsed_sys": 8.126100142952055, "t_elapsed_usr": 8.126102209091187, "time_as_str": "2017-11-24_13-50-19", "type_fft": "fluidfft.fft2d.with_fftw2d"}
