{"hostname": "n153", "k0_loc": 257, "k1_loc": 64, "key_solver": "ns2d", "n0": 64, "n0_loc": 32, "n1": 1024, "n1_loc": 1024, "nb_iter": 1000, "nb_proc": 2, "pid": 11157, "t_elapsed_sys": 16.23750225501135, "t_elapsed_usr": 16.237504243850708, "time_as_str": "2017-11-14_08-12-39", "type_fft": "fluidfft.fft2d.mpi_with_fftwmpi2d"}
