{"hostname": "n43", "k0_loc": 129, "k1_loc": 1024, "key_solver": "ns2d", "n0": 1024, "n0_loc": 256, "n1": 1024, "n1_loc": 1024, "nb_iter": 1000, "nb_proc": 4, "pid": 60497, "t_elapsed_sys": 159.06620499794371, "t_elapsed_usr": 159.06620740890503, "time_as_str": "2017-11-14_09-13-30", "type_fft": "fluidfft.fft2d.mpi_with_fftwmpi2d"}
