{"hostname": "n333", "k0_loc": 16, "k1_loc": 2048, "key_solver": "ns2d", "n0": 2048, "n0_loc": 64, "n1": 1024, "n1_loc": 1024, "nb_iter": 1000, "nb_proc": 32, "pid": 16251, "t_elapsed_sys": 86.34955221111886, "t_elapsed_usr": 86.34955716133118, "time_as_str": "2017-11-14_08-18-42", "type_fft": "fluidfft.fft2d.mpi_with_fftw1d"}
