{"hostname": "n1215", "k0_loc": 16, "k1_loc": 2048, "key_solver": "ns2d", "n0": 2048, "n0_loc": 64, "n1": 1024, "n1_loc": 1024, "nb_iter": 1000, "nb_proc": 32, "pid": 37508, "t_elapsed_sys": 86.12500825198367, "t_elapsed_usr": 86.12501311302185, "time_as_str": "2017-11-14_08-07-06", "type_fft": "fluidfft.fft2d.mpi_with_fftw1d"}
