{"hostname": "n110", "k0_loc": 4, "k1_loc": 8192, "key_solver": "ns2d", "n0": 8192, "n0_loc": 64, "n1": 1024, "n1_loc": 1024, "nb_iter": 1000, "nb_proc": 128, "pid": 43781, "t_elapsed_sys": 133.18232121300025, "t_elapsed_usr": 133.1823263168335, "time_as_str": "2017-11-15_04-25-42", "type_fft": "fluidfft.fft2d.mpi_with_fftw1d"}
