{"hostname": "n79", "k0_loc": 128, "k1_loc": 256, "key_solver": "ns2d", "n0": 256, "n0_loc": 64, "n1": 1024, "n1_loc": 1024, "nb_iter": 20, "nb_proc": 4, "pid": 47717, "t_elapsed_sys": 0.6736117099644616, "t_elapsed_usr": 0.6736149787902832, "time_as_str": "2017-11-24_13-50-09", "type_fft": "fluidfft.fft2d.mpi_with_fftw1d"}
