{"hostname": "n224", "k0_loc": 4, "k1_loc": 1024, "key_solver": "ns2d", "n0": 1024, "n0_loc": 8, "n1": 1024, "n1_loc": 1024, "nb_iter": 1000, "nb_proc": 128, "pid": 49984, "t_elapsed_sys": 61.3344863759703, "t_elapsed_usr": 61.33449077606201, "time_as_str": "2017-10-31_12-14-11", "type_fft": "fluidfft.fft2d.mpi_with_fftw1d"}
