{"hostname": "n110", "k0_loc": 256, "k1_loc": 1024, "key_solver": "ns2d", "n0": 1024, "n0_loc": 512, "n1": 1024, "n1_loc": 1024, "nb_iter": 1000, "nb_proc": 2, "pid": 33304, "t_elapsed_sys": 407.48757895297604, "t_elapsed_usr": 407.4875810146332, "time_as_str": "2017-10-31_12-10-10", "type_fft": "fluidfft.fft2d.mpi_with_fftw1d"}
