{"hostname": "n53", "k0_loc": 129, "k1_loc": 256, "key_solver": "ns2d", "n0": 256, "n0_loc": 64, "n1": 1024, "n1_loc": 1024, "nb_iter": 20, "nb_proc": 4, "pid": 36487, "t_elapsed_sys": 0.749702884000726, "t_elapsed_usr": 0.7497069835662842, "time_as_str": "2017-11-24_13-50-10", "type_fft": "fluidfft.fft2d.mpi_with_fftwmpi2d"}
