{"hostname": "n152", "k0_loc": 8, "k1_loc": 4096, "key_solver": "ns2d", "n0": 4096, "n0_loc": 64, "n1": 1024, "n1_loc": 1024, "nb_iter": 1000, "nb_proc": 64, "pid": 8378, "t_elapsed_sys": 102.86369569902308, "t_elapsed_usr": 102.86370015144348, "time_as_str": "2017-11-14_08-08-42", "type_fft": "fluidfft.fft2d.mpi_with_fftw1d"}
