{"hostname": "n1232", "k0_loc": 64, "k1_loc": 256, "key_solver": "ns2d", "n0": 256, "n0_loc": 32, "n1": 1024, "n1_loc": 1024, "nb_iter": 1000, "nb_proc": 8, "pid": 63036, "t_elapsed_sys": 22.641160557046533, "t_elapsed_usr": 22.641165256500244, "time_as_str": "2017-11-14_08-47-35", "type_fft": "fluidfft.fft2d.mpi_with_fftw1d"}
