{"hostname": "n26", "k0_loc": 257, "k1_loc": 128, "key_solver": "ns2d", "n0": 128, "n0_loc": 64, "n1": 1024, "n1_loc": 1024, "nb_iter": 20, "nb_proc": 2, "pid": 29300, "t_elapsed_sys": 0.6297829360119067, "t_elapsed_usr": 0.6297855377197266, "time_as_str": "2017-11-24_13-50-09", "type_fft": "fluidfft.fft2d.mpi_with_fftwmpi2d"}
