{"hostname": "nid01314", "k0_loc": 32, "k1_loc": 17, "k2_loc": 128, "key_solver": "ns3d", "n0": 128, "n0_loc": 32, "n1": 128, "n1_loc": 32, "n2": 128, "n2_loc": 128, "nb_iter": 10, "nb_proc": 16, "pid": 17914, "t_elapsed_sys": 4.258948541013524, "t_elapsed_usr": 4.258951663970947, "time_as_str": "2017-11-26_18-16-31", "type_fft": "fluidfft.fft3d.mpi_with_pfft"}
