{"hostname": "nid01523", "k0_loc": 32, "k1_loc": 32, "k2_loc": 512, "key_solver": "ns3d", "n0": 512, "n0_loc": 512, "n1": 512, "n1_loc": 64, "n2": 512, "n2_loc": 32, "nb_iter": 10, "nb_proc": 128, "pid": 2268, "t_elapsed_sys": 95.8061470601242, "t_elapsed_usr": 95.80614924430847, "time_as_str": "2017-11-26_17-50-00", "type_fft": "fluidfft.fft3d.mpi_with_p3dfft"}
