{"hostname": "nid01612", "k0_loc": 4, "k1_loc": 512, "k2_loc": 257, "key_solver": "ns3d", "n0": 512, "n0_loc": 4, "n1": 512, "n1_loc": 512, "n2": 512, "n2_loc": 512, "nb_iter": 10, "nb_proc": 128, "pid": 2317, "t_elapsed_sys": 79.83406094403472, "t_elapsed_usr": 79.8340654373169, "time_as_str": "2017-11-26_16-23-52", "type_fft": "fluidfft.fft3d.mpi_with_fftwmpi3d"}
