{"hostname": "nid01848", "k0_loc": 16, "k1_loc": 32, "k2_loc": 1024, "key_solver": "ns3d", "n0": 1024, "n0_loc": 1024, "n1": 1024, "n1_loc": 32, "n2": 1024, "n2_loc": 32, "nb_iter": 10, "nb_proc": 1024, "pid": 32143, "t_elapsed_sys": 150.11565169505775, "t_elapsed_usr": 150.11565375328064, "time_as_str": "2017-11-26_17-07-31", "type_fft": "fluidfft.fft3d.mpi_with_p3dfft"}
