{"hostname": "nid01807", "k0_loc": 2, "k1_loc": 1024, "k2_loc": 513, "key_solver": "ns3d", "n0": 1024, "n0_loc": 2, "n1": 1024, "n1_loc": 1024, "n2": 1024, "n2_loc": 1024, "nb_iter": 10, "nb_proc": 512, "pid": 23148, "t_elapsed_sys": 204.69931004499085, "t_elapsed_usr": 204.69934105873108, "time_as_str": "2017-11-26_18-39-54", "type_fft": "fluidfft.fft3d.mpi_with_fftwmpi3d"}
