{"hostname": "nid00034", "k0_loc": 8, "k1_loc": 128, "k2_loc": 65, "key_solver": "ns3d", "n0": 128, "n0_loc": 8, "n1": 128, "n1_loc": 128, "n2": 128, "n2_loc": 128, "nb_iter": 10, "nb_proc": 16, "pid": 30970, "t_elapsed_sys": 3.7371667239349335, "t_elapsed_usr": 3.737169027328491, "time_as_str": "2017-11-26_17-35-41", "type_fft": "fluidfft.fft3d.mpi_with_fftwmpi3d"}
