{"hostname": "nid01927", "k0_loc": 128, "k1_loc": 128, "k2_loc": 65, "key_solver": "ns3d", "n0": 128, "n0_loc": 128, "n1": 128, "n1_loc": 128, "n2": 128, "n2_loc": 128, "nb_iter": 10, "nb_proc": 1, "pid": 17580, "t_elapsed_sys": 20.339807302923873, "t_elapsed_usr": 20.33980917930603, "time_as_str": "2017-11-26_23-53-31", "type_fft": "fluidfft.fft3d.with_fftw3d"}
