{"hostname": "nid00267", "k0_loc": 64, "k1_loc": 256, "k2_loc": 129, "key_solver": "ns3d", "n0": 256, "n0_loc": 64, "n1": 256, "n1_loc": 256, "n2": 256, "n2_loc": 256, "nb_iter": 10, "nb_proc": 4, "pid": 32108, "t_elapsed_sys": 92.17734171496704, "t_elapsed_usr": 92.17734336853027, "time_as_str": "2017-11-26_18-17-32", "type_fft": "fluidfft.fft3d.mpi_with_fftwmpi3d"}
