{"hostname": "nid00268", "k0_loc": 64, "k1_loc": 128, "k2_loc": 256, "key_solver": "ns3d", "n0": 256, "n0_loc": 256, "n1": 256, "n1_loc": 128, "n2": 256, "n2_loc": 128, "nb_iter": 10, "nb_proc": 4, "pid": 29493, "t_elapsed_sys": 122.01911321096122, "t_elapsed_usr": 122.01912355422974, "time_as_str": "2017-11-26_18-17-03", "type_fft": "fluidfft.fft3d.mpi_with_p3dfft"}
