{"hostname": "nid00349", "k0_loc": 10, "k1_loc": 42, "k2_loc": 1344, "key_solver": "ns3d", "n0": 672, "n0_loc": 672, "n1": 1344, "n1_loc": 42, "n2": 1344, "n2_loc": 42, "nb_iter": 10, "nb_proc": 1024, "pid": 28430, "t_elapsed_sys": 141.63276085606776, "t_elapsed_usr": 141.63276362419128, "time_as_str": "2017-11-21_00-28-46", "type_fft": "fluidfft.fft3d.mpi_with_p3dfft"}
