{"hostname": "nid00034", "k0_loc": 128, "k1_loc": 65, "k2_loc": 256, "key_solver": "ns3d", "n0": 256, "n0_loc": 128, "n1": 256, "n1_loc": 128, "n2": 256, "n2_loc": 256, "nb_iter": 10, "nb_proc": 4, "pid": 32108, "t_elapsed_sys": 221.15167265897617, "t_elapsed_usr": 221.15168142318726, "time_as_str": "2017-11-26_17-39-44", "type_fft": "fluidfft.fft3d.mpi_with_pfft"}
