{"hostname": "nid01801", "k0_loc": 2, "k1_loc": 256, "k2_loc": 256, "key_solver": "ns3d", "n0": 256, "n0_loc": 4, "n1": 256, "n1_loc": 256, "n2": 256, "n2_loc": 256, "nb_iter": 10, "nb_proc": 64, "pid": 13613, "t_elapsed_sys": 17.278659535979386, "t_elapsed_usr": 17.278661727905273, "time_as_str": "2017-11-26_16-20-34", "type_fft": "fluidfft.fft3d.mpi_with_fftw1d"}
