{"hostname": "nid01539", "k0_loc": 16, "k1_loc": 32, "k2_loc": 256, "key_solver": "ns3d", "n0": 256, "n0_loc": 256, "n1": 256, "n1_loc": 32, "n2": 256, "n2_loc": 32, "nb_iter": 10, "nb_proc": 64, "pid": 17359, "t_elapsed_sys": 17.871555008925498, "t_elapsed_usr": 17.871556758880615, "time_as_str": "2017-11-26_16-22-20", "type_fft": "fluidfft.fft3d.mpi_with_p3dfft"}
