{"hostname": "nid00671", "k0_loc": 128, "k1_loc": 33, "k2_loc": 128, "key_solver": "ns3d", "n0": 128, "n0_loc": 128, "n1": 128, "n1_loc": 64, "n2": 128, "n2_loc": 128, "nb_iter": 10, "nb_proc": 2, "pid": 42225, "t_elapsed_sys": 16.499847718980163, "t_elapsed_usr": 16.499849557876587, "time_as_str": "2017-11-26_18-11-30", "type_fft": "fluidfft.fft3d.mpi_with_pfft"}
