{"hostname": "nid01569", "k0_loc": 32, "k1_loc": 128, "k2_loc": 128, "key_solver": "ns3d", "n0": 128, "n0_loc": 64, "n1": 128, "n1_loc": 128, "n2": 128, "n2_loc": 128, "nb_iter": 10, "nb_proc": 2, "pid": 14885, "t_elapsed_sys": 27.423987615969963, "t_elapsed_usr": 27.423989295959473, "time_as_str": "2017-11-26_16-09-39", "type_fft": "fluidfft.fft3d.mpi_with_fftw1d"}
