{"hostname": "nid00671", "k0_loc": 32, "k1_loc": 256, "k2_loc": 256, "key_solver": "ns3d", "n0": 256, "n0_loc": 64, "n1": 256, "n1_loc": 256, "n2": 256, "n2_loc": 256, "nb_iter": 10, "nb_proc": 4, "pid": 39932, "t_elapsed_sys": 178.23458226106595, "t_elapsed_usr": 178.23459267616272, "time_as_str": "2017-11-26_17-37-35", "type_fft": "fluidfft.fft3d.mpi_with_fftw1d"}
