{"hostname": "nid00036", "k0_loc": 32, "k1_loc": 17, "k2_loc": 128, "key_solver": "ns3d", "n0": 128, "n0_loc": 32, "n1": 128, "n1_loc": 32, "n2": 128, "n2_loc": 128, "nb_iter": 10, "nb_proc": 16, "pid": 30438, "t_elapsed_sys": 4.215960032073781, "t_elapsed_usr": 4.215963125228882, "time_as_str": "2017-11-26_17-35-51", "type_fft": "fluidfft.fft3d.mpi_with_pfft"}
