{"hostname": "nid01793", "k0_loc": 4, "k1_loc": 256, "k2_loc": 256, "key_solver": "ns3d", "n0": 256, "n0_loc": 8, "n1": 256, "n1_loc": 256, "n2": 256, "n2_loc": 256, "nb_iter": 10, "nb_proc": 32, "pid": 33904, "t_elapsed_sys": 33.77718671609182, "t_elapsed_usr": 33.77718949317932, "time_as_str": "2017-11-26_16-20-37", "type_fft": "fluidfft.fft3d.mpi_with_fftw1d"}
