{"hostname": "nid01541", "k0_loc": 2, "k1_loc": 512, "k2_loc": 257, "key_solver": "ns3d", "n0": 512, "n0_loc": 2, "n1": 512, "n1_loc": 512, "n2": 512, "n2_loc": 512, "nb_iter": 10, "nb_proc": 256, "pid": 54628, "t_elapsed_sys": 51.85445221001282, "t_elapsed_usr": 51.85445475578308, "time_as_str": "2017-11-26_17-57-19", "type_fft": "fluidfft.fft3d.mpi_with_fftwmpi3d"}
