{"hostname": "nid01795", "k0_loc": 8, "k1_loc": 256, "k2_loc": 256, "key_solver": "ns3d", "n0": 256, "n0_loc": 16, "n1": 256, "n1_loc": 256, "n2": 256, "n2_loc": 256, "nb_iter": 10, "nb_proc": 16, "pid": 34329, "t_elapsed_sys": 57.798061845009215, "t_elapsed_usr": 57.79806399345398, "time_as_str": "2017-11-26_16-17-58", "type_fft": "fluidfft.fft3d.mpi_with_fftw1d"}
