{"hostname": "nid01084", "k0_loc": 64, "k1_loc": 33, "k2_loc": 512, "key_solver": "ns3d", "n0": 512, "n0_loc": 64, "n1": 512, "n1_loc": 64, "n2": 512, "n2_loc": 512, "nb_iter": 10, "nb_proc": 64, "pid": 27152, "t_elapsed_sys": 183.39154190500267, "t_elapsed_usr": 183.39154481887817, "time_as_str": "2017-11-26_17-44-48", "type_fft": "fluidfft.fft3d.mpi_with_pfft"}
