{"hostname": "nid01824", "k0_loc": 16, "k1_loc": 256, "k2_loc": 256, "key_solver": "ns3d", "n0": 256, "n0_loc": 32, "n1": 256, "n1_loc": 256, "n2": 256, "n2_loc": 256, "nb_iter": 10, "nb_proc": 8, "pid": 68556, "t_elapsed_sys": 111.85392403998412, "t_elapsed_usr": 111.85395860671997, "time_as_str": "2017-11-26_18-18-14", "type_fft": "fluidfft.fft3d.mpi_with_fftw1d"}
