{"hostname": "nid02093", "k0_loc": 32, "k1_loc": 64, "k2_loc": 256, "key_solver": "ns3d", "n0": 256, "n0_loc": 256, "n1": 256, "n1_loc": 64, "n2": 256, "n2_loc": 64, "nb_iter": 10, "nb_proc": 16, "pid": 61176, "t_elapsed_sys": 64.39113293297123, "t_elapsed_usr": 64.39113521575928, "time_as_str": "2017-11-26_16-20-25", "type_fft": "fluidfft.fft3d.mpi_with_p3dfft"}
