{"hostname": "nid01824", "k0_loc": 32, "k1_loc": 64, "k2_loc": 256, "key_solver": "ns3d", "n0": 256, "n0_loc": 256, "n1": 256, "n1_loc": 64, "n2": 256, "n2_loc": 64, "nb_iter": 10, "nb_proc": 16, "pid": 68865, "t_elapsed_sys": 59.31235756818205, "t_elapsed_usr": 59.31235933303833, "time_as_str": "2017-11-26_18-20-57", "type_fft": "fluidfft.fft3d.mpi_with_p3dfft"}
