{"hostname": "nid01635", "k0_loc": 16, "k1_loc": 32, "k2_loc": 512, "key_solver": "ns3d", "n0": 512, "n0_loc": 512, "n1": 512, "n1_loc": 32, "n2": 512, "n2_loc": 32, "nb_iter": 10, "nb_proc": 256, "pid": 18936, "t_elapsed_sys": 58.97750866995193, "t_elapsed_usr": 58.977510929107666, "time_as_str": "2017-11-26_17-56-37", "type_fft": "fluidfft.fft3d.mpi_with_p3dfft"}
