{"hostname": "nid01615", "k0_loc": 1, "k1_loc": 128, "k2_loc": 128, "key_solver": "ns3d", "n0": 128, "n0_loc": 2, "n1": 128, "n1_loc": 128, "n2": 128, "n2_loc": 128, "nb_iter": 10, "nb_proc": 64, "pid": 19351, "t_elapsed_sys": 2.276445620926097, "t_elapsed_usr": 2.2764475345611572, "time_as_str": "2017-11-26_16-13-42", "type_fft": "fluidfft.fft3d.mpi_with_fftw1d"}
