{"hostname": "nid02107", "k0_loc": 32, "k1_loc": 17, "k2_loc": 128, "key_solver": "ns3d", "n0": 128, "n0_loc": 32, "n1": 128, "n1_loc": 32, "n2": 128, "n2_loc": 128, "nb_iter": 10, "nb_proc": 16, "pid": 7407, "t_elapsed_sys": 4.273394436109811, "t_elapsed_usr": 4.273397922515869, "time_as_str": "2017-11-26_18-42-14", "type_fft": "fluidfft.fft3d.mpi_with_pfft"}
