{"hostname": "nid01792", "k0_loc": 1, "k1_loc": 512, "k2_loc": 512, "key_solver": "ns3d", "n0": 512, "n0_loc": 2, "n1": 512, "n1_loc": 512, "n2": 512, "n2_loc": 512, "nb_iter": 10, "nb_proc": 256, "pid": 37557, "t_elapsed_sys": 51.64144632394891, "t_elapsed_usr": 51.641528367996216, "time_as_str": "2017-11-26_16-25-13", "type_fft": "fluidfft.fft3d.mpi_with_fftw1d"}
