{"hostname": "nid01276", "k0_loc": 32, "k1_loc": 128, "k2_loc": 128, "key_solver": "ns3d", "n0": 128, "n0_loc": 64, "n1": 128, "n1_loc": 128, "n2": 128, "n2_loc": 128, "nb_iter": 10, "nb_proc": 2, "pid": 23615, "t_elapsed_sys": 28.66265104385093, "t_elapsed_usr": 28.66265320777893, "time_as_str": "2017-11-26_17-20-29", "type_fft": "fluidfft.fft3d.mpi_with_fftw1d"}
