{"hostname": "nid01807", "k0_loc": 16, "k1_loc": 16, "k2_loc": 512, "key_solver": "ns3d", "n0": 512, "n0_loc": 512, "n1": 512, "n1_loc": 32, "n2": 512, "n2_loc": 16, "nb_iter": 10, "nb_proc": 512, "pid": 22315, "t_elapsed_sys": 30.84320825408213, "t_elapsed_usr": 30.84321093559265, "time_as_str": "2017-11-26_18-38-24", "type_fft": "fluidfft.fft3d.mpi_with_p3dfft"}
