{"hostname": "nid01613", "k0_loc": 32, "k1_loc": 32, "k2_loc": 1024, "key_solver": "ns3d", "n0": 1024, "n0_loc": 1024, "n1": 1024, "n1_loc": 64, "n2": 1024, "n2_loc": 32, "nb_iter": 10, "nb_proc": 512, "pid": 43301, "t_elapsed_sys": 249.42520381696522, "t_elapsed_usr": 249.42520570755005, "time_as_str": "2017-11-26_18-39-48", "type_fft": "fluidfft.fft3d.mpi_with_p3dfft"}
