{"hostname": "nid01807", "k0_loc": 2, "k1_loc": 512, "k2_loc": 257, "key_solver": "ns3d", "n0": 512, "n0_loc": 2, "n1": 512, "n1_loc": 512, "n2": 512, "n2_loc": 512, "nb_iter": 10, "nb_proc": 256, "pid": 19369, "t_elapsed_sys": 51.61179463099688, "t_elapsed_usr": 51.61179709434509, "time_as_str": "2017-11-26_16-25-18", "type_fft": "fluidfft.fft3d.mpi_with_fftwmpi3d"}
