{"hostname": "nid01919", "k0_loc": 32, "k1_loc": 128, "k2_loc": 65, "key_solver": "ns3d", "n0": 128, "n0_loc": 32, "n1": 128, "n1_loc": 128, "n2": 128, "n2_loc": 128, "nb_iter": 10, "nb_proc": 4, "pid": 56219, "t_elapsed_sys": 7.636746869189665, "t_elapsed_usr": 7.636748313903809, "time_as_str": "2017-11-26_17-32-05", "type_fft": "fluidfft.fft3d.mpi_with_fftwmpi3d"}
