{"hostname": "nid00036", "k0_loc": 2, "k1_loc": 128, "k2_loc": 65, "key_solver": "ns3d", "n0": 128, "n0_loc": 2, "n1": 128, "n1_loc": 128, "n2": 128, "n2_loc": 128, "nb_iter": 10, "nb_proc": 64, "pid": 35413, "t_elapsed_sys": 0.9662732800934464, "t_elapsed_usr": 0.966275691986084, "time_as_str": "2017-11-26_18-17-41", "type_fft": "fluidfft.fft3d.mpi_with_fftwmpi3d"}
