{"hostname": "nid01664", "k0_loc": 1, "k1_loc": 512, "k2_loc": 257, "key_solver": "ns3d", "n0": 512, "n0_loc": 1, "n1": 512, "n1_loc": 512, "n2": 512, "n2_loc": 512, "nb_iter": 10, "nb_proc": 512, "pid": 6504, "t_elapsed_sys": 27.09296306106262, "t_elapsed_usr": 27.092965126037598, "time_as_str": "2017-11-26_17-56-37", "type_fft": "fluidfft.fft3d.mpi_with_fftwmpi3d"}
