{"hostname": "nid01315", "k0_loc": 2, "k1_loc": 128, "k2_loc": 128, "key_solver": "ns3d", "n0": 128, "n0_loc": 4, "n1": 128, "n1_loc": 128, "n2": 128, "n2_loc": 128, "nb_iter": 10, "nb_proc": 32, "pid": 40154, "t_elapsed_sys": 3.391519225202501, "t_elapsed_usr": 3.3915224075317383, "time_as_str": "2017-11-26_18-15-17", "type_fft": "fluidfft.fft3d.mpi_with_fftw1d"}
