{"hostname": "nid00034", "k0_loc": 16, "k1_loc": 32, "k2_loc": 1024, "key_solver": "ns3d", "n0": 1024, "n0_loc": 1024, "n1": 1024, "n1_loc": 32, "n2": 1024, "n2_loc": 32, "nb_iter": 10, "nb_proc": 1024, "pid": 33808, "t_elapsed_sys": 138.90101248584688, "t_elapsed_usr": 138.90112280845642, "time_as_str": "2017-11-26_18-11-18", "type_fft": "fluidfft.fft3d.mpi_with_p3dfft"}
