{"hostname": "nid01565", "k0_loc": 32, "k1_loc": 64, "k2_loc": 128, "key_solver": "ns3d", "n0": 128, "n0_loc": 128, "n1": 128, "n1_loc": 64, "n2": 128, "n2_loc": 64, "nb_iter": 10, "nb_proc": 4, "pid": 56793, "t_elapsed_sys": 11.133210524916649, "t_elapsed_usr": 11.133212804794312, "time_as_str": "2017-11-26_16-11-30", "type_fft": "fluidfft.fft3d.mpi_with_p3dfft"}
