{"hostname": "nid02093", "k0_loc": 16, "k1_loc": 128, "k2_loc": 128, "key_solver": "ns3d", "n0": 128, "n0_loc": 32, "n1": 128, "n1_loc": 128, "n2": 128, "n2_loc": 128, "nb_iter": 10, "nb_proc": 4, "pid": 60271, "t_elapsed_sys": 13.954401338938624, "t_elapsed_usr": 13.954402923583984, "time_as_str": "2017-11-26_16-11-20", "type_fft": "fluidfft.fft3d.mpi_with_fftw1d"}
