{"hostname": "nid00062", "k0_loc": 21, "k1_loc": 42, "k2_loc": 1344, "key_solver": "ns3d", "n0": 672, "n0_loc": 672, "n1": 1344, "n1_loc": 84, "n2": 1344, "n2_loc": 42, "nb_iter": 10, "nb_proc": 512, "pid": 40674, "t_elapsed_sys": 272.90013592189644, "t_elapsed_usr": 272.90013790130615, "time_as_str": "2017-11-20_23-50-55", "type_fft": "fluidfft.fft3d.mpi_with_p3dfft"}
