{"hostname": "nid01569", "k0_loc": 32, "k1_loc": 32, "k2_loc": 128, "key_solver": "ns3d", "n0": 128, "n0_loc": 128, "n1": 128, "n1_loc": 64, "n2": 128, "n2_loc": 32, "nb_iter": 10, "nb_proc": 8, "pid": 15226, "t_elapsed_sys": 6.924339356017299, "t_elapsed_usr": 6.924341678619385, "time_as_str": "2017-11-26_16-11-33", "type_fft": "fluidfft.fft3d.mpi_with_p3dfft"}
