{"hostname": "nid01476", "k0_loc": 32, "k1_loc": 256, "k2_loc": 129, "key_solver": "ns3d", "n0": 256, "n0_loc": 32, "n1": 256, "n1_loc": 256, "n2": 256, "n2_loc": 256, "nb_iter": 10, "nb_proc": 8, "pid": 57761, "t_elapsed_sys": 54.276042483979836, "t_elapsed_usr": 54.2760443687439, "time_as_str": "2017-11-26_18-19-13", "type_fft": "fluidfft.fft3d.mpi_with_fftwmpi3d"}
