{"hostname": "nid01689", "k0_loc": 16, "k1_loc": 32, "k2_loc": 256, "key_solver": "ns3d", "n0": 256, "n0_loc": 256, "n1": 256, "n1_loc": 32, "n2": 256, "n2_loc": 32, "nb_iter": 10, "nb_proc": 64, "pid": 24260, "t_elapsed_sys": 18.019829217810184, "t_elapsed_usr": 18.019831657409668, "time_as_str": "2017-11-26_18-25-01", "type_fft": "fluidfft.fft3d.mpi_with_p3dfft"}
