{"hostname": "nid00037", "k0_loc": 2, "k1_loc": 128, "k2_loc": 128, "key_solver": "ns3d", "n0": 128, "n0_loc": 4, "n1": 128, "n1_loc": 128, "n2": 128, "n2_loc": 128, "nb_iter": 10, "nb_proc": 32, "pid": 28423, "t_elapsed_sys": 3.360587503062561, "t_elapsed_usr": 3.360590696334839, "time_as_str": "2017-11-26_17-35-37", "type_fft": "fluidfft.fft3d.mpi_with_fftw1d"}
