{"hostname": "nid01562", "k0_loc": 16, "k1_loc": 128, "k2_loc": 65, "key_solver": "ns3d", "n0": 128, "n0_loc": 16, "n1": 128, "n1_loc": 128, "n2": 128, "n2_loc": 128, "nb_iter": 10, "nb_proc": 8, "pid": 3267, "t_elapsed_sys": 4.813273379812017, "t_elapsed_usr": 4.813276052474976, "time_as_str": "2017-11-26_18-12-54", "type_fft": "fluidfft.fft3d.mpi_with_fftwmpi3d"}
