{"hostname": "nid01082", "k0_loc": 2, "k1_loc": 512, "k2_loc": 512, "key_solver": "ns3d", "n0": 512, "n0_loc": 4, "n1": 512, "n1_loc": 512, "n2": 512, "n2_loc": 512, "nb_iter": 10, "nb_proc": 128, "pid": 44605, "t_elapsed_sys": 85.60780598898418, "t_elapsed_usr": 85.6078233718872, "time_as_str": "2017-11-26_18-15-35", "type_fft": "fluidfft.fft3d.mpi_with_fftw1d"}
