{"hostname": "nid01807", "k0_loc": 2, "k1_loc": 1024, "k2_loc": 513, "key_solver": "ns3d", "n0": 1024, "n0_loc": 2, "n1": 1024, "n1_loc": 1024, "n2": 1024, "n2_loc": 1024, "nb_iter": 10, "nb_proc": 512, "pid": 21405, "t_elapsed_sys": 202.16335377201904, "t_elapsed_usr": 202.1642243862152, "time_as_str": "2017-11-26_16-32-36", "type_fft": "fluidfft.fft3d.mpi_with_fftwmpi3d"}
