{"hostname": "nid00036", "k0_loc": 2, "k1_loc": 128, "k2_loc": 65, "key_solver": "ns3d", "n0": 128, "n0_loc": 2, "n1": 128, "n1_loc": 128, "n2": 128, "n2_loc": 128, "nb_iter": 10, "nb_proc": 64, "pid": 30861, "t_elapsed_sys": 0.9875009548850358, "t_elapsed_usr": 0.9875037670135498, "time_as_str": "2017-11-26_17-37-24", "type_fft": "fluidfft.fft3d.mpi_with_fftwmpi3d"}
