{"hostname": "nid01568", "k0_loc": 16, "k1_loc": 32, "k2_loc": 1024, "key_solver": "ns3d", "n0": 1024, "n0_loc": 1024, "n1": 1024, "n1_loc": 32, "n2": 1024, "n2_loc": 32, "nb_iter": 10, "nb_proc": 1024, "pid": 27291, "t_elapsed_sys": 147.4843144940678, "t_elapsed_usr": 147.4843385219574, "time_as_str": "2017-11-26_18-50-32", "type_fft": "fluidfft.fft3d.mpi_with_p3dfft"}
