{"hostname": "nid00035", "k0_loc": 32, "k1_loc": 17, "k2_loc": 256, "key_solver": "ns3d", "n0": 256, "n0_loc": 32, "n1": 256, "n1_loc": 32, "n2": 256, "n2_loc": 256, "nb_iter": 10, "nb_proc": 64, "pid": 32459, "t_elapsed_sys": 19.732941514113918, "t_elapsed_usr": 19.73294448852539, "time_as_str": "2017-11-26_17-42-35", "type_fft": "fluidfft.fft3d.mpi_with_pfft"}
