{"hostname": "nid01643", "k0_loc": 32, "k1_loc": 17, "k2_loc": 512, "key_solver": "ns3d", "n0": 512, "n0_loc": 32, "n1": 512, "n1_loc": 32, "n2": 512, "n2_loc": 512, "nb_iter": 10, "nb_proc": 256, "pid": 48263, "t_elapsed_sys": 59.08639625716023, "t_elapsed_usr": 59.08639907836914, "time_as_str": "2017-11-26_17-56-39", "type_fft": "fluidfft.fft3d.mpi_with_pfft"}
