{"hostname": "nid01635", "k0_loc": 1, "k1_loc": 1024, "k2_loc": 513, "key_solver": "ns3d", "n0": 1024, "n0_loc": 1, "n1": 1024, "n1_loc": 1024, "n2": 1024, "n2_loc": 1024, "nb_iter": 10, "nb_proc": 1024, "pid": 20973, "t_elapsed_sys": 124.03450469300151, "t_elapsed_usr": 124.03451633453369, "time_as_str": "2017-11-26_18-07-43", "type_fft": "fluidfft.fft3d.mpi_with_fftwmpi3d"}
