{"hostname": "nid00037", "k0_loc": 16, "k1_loc": 128, "k2_loc": 65, "key_solver": "ns3d", "n0": 128, "n0_loc": 16, "n1": 128, "n1_loc": 128, "n2": 128, "n2_loc": 128, "nb_iter": 10, "nb_proc": 8, "pid": 28131, "t_elapsed_sys": 5.252179651055485, "t_elapsed_usr": 5.252182483673096, "time_as_str": "2017-11-26_17-33-49", "type_fft": "fluidfft.fft3d.mpi_with_fftwmpi3d"}
