{"hostname": "nid00281", "k0_loc": 32, "k1_loc": 17, "k2_loc": 512, "key_solver": "ns3d", "n0": 512, "n0_loc": 32, "n1": 512, "n1_loc": 32, "n2": 512, "n2_loc": 512, "nb_iter": 10, "nb_proc": 256, "pid": 43325, "t_elapsed_sys": 58.592582755954936, "t_elapsed_usr": 58.59258532524109, "time_as_str": "2017-11-26_18-30-40", "type_fft": "fluidfft.fft3d.mpi_with_pfft"}
