{"hostname": "nid01919", "k0_loc": 4, "k1_loc": 256, "k2_loc": 256, "key_solver": "ns3d", "n0": 256, "n0_loc": 8, "n1": 256, "n1_loc": 256, "n2": 256, "n2_loc": 256, "nb_iter": 10, "nb_proc": 32, "pid": 56457, "t_elapsed_sys": 33.525982110062614, "t_elapsed_usr": 33.52598476409912, "time_as_str": "2017-11-26_17-40-36", "type_fft": "fluidfft.fft3d.mpi_with_fftw1d"}
