{"hostname": "nid01799", "k0_loc": 32, "k1_loc": 32, "k2_loc": 256, "key_solver": "ns3d", "n0": 256, "n0_loc": 256, "n1": 256, "n1_loc": 64, "n2": 256, "n2_loc": 32, "nb_iter": 10, "nb_proc": 32, "pid": 22433, "t_elapsed_sys": 34.03465902002063, "t_elapsed_usr": 34.034661531448364, "time_as_str": "2017-11-26_16-20-32", "type_fft": "fluidfft.fft3d.mpi_with_p3dfft"}
