{"hostname": "nid00036", "k0_loc": 8, "k1_loc": 512, "k2_loc": 257, "key_solver": "ns3d", "n0": 512, "n0_loc": 8, "n1": 512, "n1_loc": 512, "n2": 512, "n2_loc": 512, "nb_iter": 10, "nb_proc": 64, "pid": 32607, "t_elapsed_sys": 108.72095566592179, "t_elapsed_usr": 108.72096872329712, "time_as_str": "2017-11-26_17-45-00", "type_fft": "fluidfft.fft3d.mpi_with_fftwmpi3d"}
