{"hostname": "nid00210", "k0_loc": 64, "k1_loc": 64, "k2_loc": 256, "key_solver": "ns3d", "n0": 256, "n0_loc": 256, "n1": 256, "n1_loc": 128, "n2": 256, "n2_loc": 64, "nb_iter": 10, "nb_proc": 8, "pid": 46749, "t_elapsed_sys": 74.60652833105996, "t_elapsed_usr": 74.60653018951416, "time_as_str": "2017-11-26_18-20-51", "type_fft": "fluidfft.fft3d.mpi_with_p3dfft"}
