{"hostname": "nid00844", "k0_loc": 16, "k1_loc": 128, "k2_loc": 128, "key_solver": "ns3d", "n0": 128, "n0_loc": 32, "n1": 128, "n1_loc": 128, "n2": 128, "n2_loc": 128, "nb_iter": 10, "nb_proc": 4, "pid": 27731, "t_elapsed_sys": 13.717333940789104, "t_elapsed_usr": 13.71733546257019, "time_as_str": "2017-11-26_18-11-26", "type_fft": "fluidfft.fft3d.mpi_with_fftw1d"}
