{"hostname": "nid01082", "k0_loc": 8, "k1_loc": 16, "k2_loc": 128, "key_solver": "ns3d", "n0": 128, "n0_loc": 128, "n1": 128, "n1_loc": 16, "n2": 128, "n2_loc": 16, "nb_iter": 10, "nb_proc": 64, "pid": 40720, "t_elapsed_sys": 1.5013972730375826, "t_elapsed_usr": 1.5013997554779053, "time_as_str": "2017-11-26_17-37-33", "type_fft": "fluidfft.fft3d.mpi_with_p3dfft"}
