{"hostname": "nid00268", "k0_loc": 8, "k1_loc": 256, "k2_loc": 256, "key_solver": "ns3d", "n0": 256, "n0_loc": 16, "n1": 256, "n1_loc": 256, "n2": 256, "n2_loc": 256, "nb_iter": 10, "nb_proc": 16, "pid": 29737, "t_elapsed_sys": 61.98938390798867, "t_elapsed_usr": 61.98938584327698, "time_as_str": "2017-11-26_18-20-45", "type_fft": "fluidfft.fft3d.mpi_with_fftw1d"}
