{"hostname": "nid01808", "k0_loc": 32, "k1_loc": 256, "k2_loc": 129, "key_solver": "ns3d", "n0": 256, "n0_loc": 32, "n1": 256, "n1_loc": 256, "n2": 256, "n2_loc": 256, "nb_iter": 10, "nb_proc": 8, "pid": 21016, "t_elapsed_sys": 52.88725293800235, "t_elapsed_usr": 52.8872549533844, "time_as_str": "2017-11-26_16-18-02", "type_fft": "fluidfft.fft3d.mpi_with_fftwmpi3d"}
