{"hostname": "nid00671", "k0_loc": 4, "k1_loc": 128, "k2_loc": 65, "key_solver": "ns3d", "n0": 128, "n0_loc": 4, "n1": 128, "n1_loc": 128, "n2": 128, "n2_loc": 128, "nb_iter": 10, "nb_proc": 32, "pid": 39273, "t_elapsed_sys": 1.6338993760291487, "t_elapsed_usr": 1.6339020729064941, "time_as_str": "2017-11-26_17-35-53", "type_fft": "fluidfft.fft3d.mpi_with_fftwmpi3d"}
