{"hostname": "nid01616", "k0_loc": 32, "k1_loc": 32, "k2_loc": 512, "key_solver": "ns3d", "n0": 512, "n0_loc": 512, "n1": 512, "n1_loc": 64, "n2": 512, "n2_loc": 32, "nb_iter": 10, "nb_proc": 128, "pid": 65229, "t_elapsed_sys": 94.25982359389309, "t_elapsed_usr": 94.2598488330841, "time_as_str": "2017-11-26_16-24-14", "type_fft": "fluidfft.fft3d.mpi_with_p3dfft"}
