{"hostname": "nid01573", "k0_loc": 32, "k1_loc": 17, "k2_loc": 512, "key_solver": "ns3d", "n0": 512, "n0_loc": 32, "n1": 512, "n1_loc": 32, "n2": 512, "n2_loc": 512, "nb_iter": 10, "nb_proc": 256, "pid": 35200, "t_elapsed_sys": 58.60809755488299, "t_elapsed_usr": 58.608099937438965, "time_as_str": "2017-11-26_18-53-36", "type_fft": "fluidfft.fft3d.mpi_with_pfft"}
