{"hostname": "nid00671", "k0_loc": 8, "k1_loc": 128, "k2_loc": 65, "key_solver": "ns3d", "n0": 128, "n0_loc": 8, "n1": 128, "n1_loc": 128, "n2": 128, "n2_loc": 128, "nb_iter": 10, "nb_proc": 16, "pid": 36442, "t_elapsed_sys": 3.7269032479962334, "t_elapsed_usr": 3.7269062995910645, "time_as_str": "2017-11-26_16-12-23", "type_fft": "fluidfft.fft3d.mpi_with_fftwmpi3d"}
