{"hostname": "nid01476", "k0_loc": 64, "k1_loc": 128, "k2_loc": 65, "key_solver": "ns3d", "n0": 128, "n0_loc": 64, "n1": 128, "n1_loc": 128, "n2": 128, "n2_loc": 128, "nb_iter": 10, "nb_proc": 2, "pid": 56709, "t_elapsed_sys": 14.20010485406965, "t_elapsed_usr": 14.200106620788574, "time_as_str": "2017-11-26_18-08-43", "type_fft": "fluidfft.fft3d.mpi_with_fftwmpi3d"}
