{"hostname": "nid00210", "k0_loc": 4, "k1_loc": 256, "k2_loc": 129, "key_solver": "ns3d", "n0": 256, "n0_loc": 4, "n1": 256, "n1_loc": 256, "n2": 256, "n2_loc": 256, "nb_iter": 10, "nb_proc": 64, "pid": 47778, "t_elapsed_sys": 25.909245579969138, "t_elapsed_usr": 25.909247636795044, "time_as_str": "2017-11-26_18-24-54", "type_fft": "fluidfft.fft3d.mpi_with_fftwmpi3d"}
