{"hostname": "nid01315", "k0_loc": 32, "k1_loc": 32, "k2_loc": 512, "key_solver": "ns3d", "n0": 512, "n0_loc": 512, "n1": 512, "n1_loc": 64, "n2": 512, "n2_loc": 32, "nb_iter": 10, "nb_proc": 128, "pid": 40891, "t_elapsed_sys": 92.23696928704157, "t_elapsed_usr": 92.23697113990784, "time_as_str": "2017-11-26_18-16-14", "type_fft": "fluidfft.fft3d.mpi_with_p3dfft"}
