{"hostname": "nid00036", "k0_loc": 8, "k1_loc": 256, "k2_loc": 129, "key_solver": "ns3d", "n0": 256, "n0_loc": 8, "n1": 256, "n1_loc": 256, "n2": 256, "n2_loc": 256, "nb_iter": 10, "nb_proc": 32, "pid": 31880, "t_elapsed_sys": 22.55211357306689, "t_elapsed_usr": 22.55211591720581, "time_as_str": "2017-11-26_17-42-24", "type_fft": "fluidfft.fft3d.mpi_with_fftwmpi3d"}
