{"hostname": "nid02107", "k0_loc": 128, "k1_loc": 33, "k2_loc": 256, "key_solver": "ns3d", "n0": 256, "n0_loc": 128, "n1": 256, "n1_loc": 64, "n2": 256, "n2_loc": 256, "nb_iter": 10, "nb_proc": 8, "pid": 8571, "t_elapsed_sys": 92.66831154609099, "t_elapsed_usr": 92.66833424568176, "time_as_str": "2017-11-26_18-45-31", "type_fft": "fluidfft.fft3d.mpi_with_pfft"}
