{"hostname": "nid01476", "k0_loc": 64, "k1_loc": 17, "k2_loc": 256, "key_solver": "ns3d", "n0": 256, "n0_loc": 64, "n1": 256, "n1_loc": 32, "n2": 256, "n2_loc": 256, "nb_iter": 10, "nb_proc": 32, "pid": 60360, "t_elapsed_sys": 38.434654793003574, "t_elapsed_usr": 38.43465733528137, "time_as_str": "2017-11-26_18-45-39", "type_fft": "fluidfft.fft3d.mpi_with_pfft"}
