{"hostname": "nid00671", "k0_loc": 64, "k1_loc": 17, "k2_loc": 256, "key_solver": "ns3d", "n0": 256, "n0_loc": 64, "n1": 256, "n1_loc": 32, "n2": 256, "n2_loc": 256, "nb_iter": 10, "nb_proc": 32, "pid": 40137, "t_elapsed_sys": 38.39366505004, "t_elapsed_usr": 38.393667459487915, "time_as_str": "2017-11-26_17-42-33", "type_fft": "fluidfft.fft3d.mpi_with_pfft"}
