{"hostname": "nid01082", "k0_loc": 4, "k1_loc": 512, "k2_loc": 257, "key_solver": "ns3d", "n0": 512, "n0_loc": 4, "n1": 512, "n1_loc": 512, "n2": 512, "n2_loc": 512, "nb_iter": 10, "nb_proc": 128, "pid": 43878, "t_elapsed_sys": 80.06372070685029, "t_elapsed_usr": 80.06372332572937, "time_as_str": "2017-11-26_17-48-39", "type_fft": "fluidfft.fft3d.mpi_with_fftwmpi3d"}
