{"hostname": "n214", "k0_loc": 64, "k1_loc": 64, "k2_loc": 256, "key_solver": "ns3d", "n0": 256, "n0_loc": 256, "n1": 256, "n1_loc": 128, "n2": 256, "n2_loc": 64, "nb_iter": 10, "nb_proc": 8, "pid": 19825, "t_elapsed_sys": 110.2193048329791, "t_elapsed_usr": 110.21930766105652, "time_as_str": "2017-11-26_01-59-09", "type_fft": "fluidfft.fft3d.mpi_with_p3dfft"}
