{"hostname": "n1357", "k0_loc": 8, "k1_loc": 512, "k2_loc": 512, "key_solver": "ns3d", "n0": 512, "n0_loc": 16, "n1": 512, "n1_loc": 512, "n2": 512, "n2_loc": 512, "nb_iter": 10, "nb_proc": 32, "pid": 60332, "t_elapsed_sys": 214.9188593790168, "t_elapsed_usr": 214.91886687278748, "time_as_str": "2017-11-26_02-04-10", "type_fft": "fluidfft.fft3d.mpi_with_fftw1d"}
