{"hostname": "n29", "k0_loc": 32, "k1_loc": 17, "k2_loc": 512, "key_solver": "ns3d", "n0": 512, "n0_loc": 32, "n1": 512, "n1_loc": 32, "n2": 512, "n2_loc": 512, "nb_iter": 10, "nb_proc": 256, "pid": 10490, "t_elapsed_sys": 47.72583949100226, "t_elapsed_usr": 47.72584319114685, "time_as_str": "2017-11-26_01-45-53", "type_fft": "fluidfft.fft3d.mpi_with_pfft"}
