{"hostname": "n1356", "k0_loc": 32, "k1_loc": 256, "k2_loc": 129, "key_solver": "ns3d", "n0": 256, "n0_loc": 32, "n1": 256, "n1_loc": 256, "n2": 256, "n2_loc": 256, "nb_iter": 10, "nb_proc": 8, "pid": 30606, "t_elapsed_sys": 91.62725628889166, "t_elapsed_usr": 91.62726092338562, "time_as_str": "2017-11-26_01-55-04", "type_fft": "fluidfft.fft3d.mpi_with_fftwmpi3d"}
