{"hostname": "n17", "k0_loc": 2, "k1_loc": 1024, "k2_loc": 513, "key_solver": "ns3d", "n0": 1024, "n0_loc": 2, "n1": 1024, "n1_loc": 1024, "n2": 1024, "n2_loc": 1024, "nb_iter": 10, "nb_proc": 512, "pid": 55654, "t_elapsed_sys": 170.64612956810743, "t_elapsed_usr": 170.64613819122314, "time_as_str": "2017-11-27_03-35-18", "type_fft": "fluidfft.fft3d.mpi_with_fftwmpi3d"}
