{"hostname": "n176", "k0_loc": 8, "k1_loc": 128, "k2_loc": 128, "key_solver": "ns3d", "n0": 128, "n0_loc": 16, "n1": 128, "n1_loc": 128, "n2": 128, "n2_loc": 128, "nb_iter": 10, "nb_proc": 8, "pid": 14416, "t_elapsed_sys": 7.356007980997674, "t_elapsed_usr": 7.3560121059417725, "time_as_str": "2017-11-26_01-22-27", "type_fft": "fluidfft.fft3d.mpi_with_fftw1d"}
