{"hostname": "n1184", "k0_loc": 32, "k1_loc": 64, "k2_loc": 256, "key_solver": "ns3d", "n0": 256, "n0_loc": 256, "n1": 256, "n1_loc": 64, "n2": 256, "n2_loc": 64, "nb_iter": 10, "nb_proc": 16, "pid": 63559, "t_elapsed_sys": 62.954389872960746, "t_elapsed_usr": 62.95439434051514, "time_as_str": "2017-11-26_01-59-07", "type_fft": "fluidfft.fft3d.mpi_with_p3dfft"}
