{"hostname": "n1184", "k0_loc": 4, "k1_loc": 128, "k2_loc": 65, "key_solver": "ns3d", "n0": 128, "n0_loc": 4, "n1": 128, "n1_loc": 128, "n2": 128, "n2_loc": 128, "nb_iter": 10, "nb_proc": 32, "pid": 61876, "t_elapsed_sys": 2.721344451070763, "t_elapsed_usr": 2.7213501930236816, "time_as_str": "2017-11-26_01-55-06", "type_fft": "fluidfft.fft3d.mpi_with_fftwmpi3d"}
