{"hostname": "n29", "k0_loc": 64, "k1_loc": 33, "k2_loc": 1024, "key_solver": "ns3d", "n0": 1024, "n0_loc": 64, "n1": 1024, "n1_loc": 64, "n2": 1024, "n2_loc": 1024, "nb_iter": 10, "nb_proc": 256, "pid": 6577, "t_elapsed_sys": 564.4927426709328, "t_elapsed_usr": 564.492746591568, "time_as_str": "2017-11-27_03-38-00", "type_fft": "fluidfft.fft3d.mpi_with_pfft"}
