{"hostname": "n225", "k0_loc": 128, "k1_loc": 33, "k2_loc": 512, "key_solver": "ns3d", "n0": 512, "n0_loc": 128, "n1": 512, "n1_loc": 64, "n2": 512, "n2_loc": 512, "nb_iter": 10, "nb_proc": 32, "pid": 31233, "t_elapsed_sys": 391.7390518799657, "t_elapsed_usr": 391.7390582561493, "time_as_str": "2017-11-26_02-06-28", "type_fft": "fluidfft.fft3d.mpi_with_pfft"}
