{"hostname": "n14", "k0_loc": 64, "k1_loc": 17, "k2_loc": 512, "key_solver": "ns3d", "n0": 512, "n0_loc": 64, "n1": 512, "n1_loc": 32, "n2": 512, "n2_loc": 512, "nb_iter": 10, "nb_proc": 128, "pid": 64431, "t_elapsed_sys": 152.657761025941, "t_elapsed_usr": 152.65776419639587, "time_as_str": "2017-11-26_01-34-13", "type_fft": "fluidfft.fft3d.mpi_with_pfft"}
