{"hostname": "n1358", "k0_loc": 64, "k1_loc": 64, "k2_loc": 512, "key_solver": "ns3d", "n0": 512, "n0_loc": 512, "n1": 512, "n1_loc": 128, "n2": 512, "n2_loc": 64, "nb_iter": 10, "nb_proc": 32, "pid": 22564, "t_elapsed_sys": 317.02154261100804, "t_elapsed_usr": 317.02154564857483, "time_as_str": "2017-11-26_02-06-14", "type_fft": "fluidfft.fft3d.mpi_with_p3dfft"}
