{"hostname": "n1275", "k0_loc": 8, "k1_loc": 512, "k2_loc": 257, "key_solver": "ns3d", "n0": 512, "n0_loc": 8, "n1": 512, "n1_loc": 512, "n2": 512, "n2_loc": 512, "nb_iter": 10, "nb_proc": 64, "pid": 9734, "t_elapsed_sys": 130.5603664680384, "t_elapsed_usr": 130.5603711605072, "time_as_str": "2017-11-26_02-08-07", "type_fft": "fluidfft.fft3d.mpi_with_fftwmpi3d"}
