{"hostname": "n1179", "k0_loc": 32, "k1_loc": 128, "k2_loc": 65, "key_solver": "ns3d", "n0": 128, "n0_loc": 32, "n1": 128, "n1_loc": 128, "n2": 128, "n2_loc": 128, "nb_iter": 10, "nb_proc": 4, "pid": 34124, "t_elapsed_sys": 14.389835206908174, "t_elapsed_usr": 14.389838218688965, "time_as_str": "2017-11-26_01-41-17", "type_fft": "fluidfft.fft3d.mpi_with_fftwmpi3d"}
