{"hostname": "n1357", "k0_loc": 8, "k1_loc": 256, "k2_loc": 129, "key_solver": "ns3d", "n0": 256, "n0_loc": 8, "n1": 256, "n1_loc": 256, "n2": 256, "n2_loc": 256, "nb_iter": 10, "nb_proc": 32, "pid": 48205, "t_elapsed_sys": 24.638185587944463, "t_elapsed_usr": 24.638189792633057, "time_as_str": "2017-11-26_01-27-34", "type_fft": "fluidfft.fft3d.mpi_with_fftwmpi3d"}
