{"hostname": "n1214", "k0_loc": 32, "k1_loc": 128, "k2_loc": 128, "key_solver": "ns3d", "n0": 128, "n0_loc": 64, "n1": 128, "n1_loc": 128, "n2": 128, "n2_loc": 128, "nb_iter": 10, "nb_proc": 2, "pid": 29669, "t_elapsed_sys": 23.609370521036908, "t_elapsed_usr": 23.60937213897705, "time_as_str": "2017-11-26_01-37-34", "type_fft": "fluidfft.fft3d.mpi_with_fftw1d"}
