{"hostname": "n1361", "k0_loc": 16, "k1_loc": 128, "k2_loc": 65, "key_solver": "ns3d", "n0": 128, "n0_loc": 16, "n1": 128, "n1_loc": 128, "n2": 128, "n2_loc": 128, "nb_iter": 10, "nb_proc": 8, "pid": 2622, "t_elapsed_sys": 7.250079332967289, "t_elapsed_usr": 7.2500834465026855, "time_as_str": "2017-11-26_01-22-05", "type_fft": "fluidfft.fft3d.mpi_with_fftwmpi3d"}
