{"hostname": "n1267", "k0_loc": 4, "k1_loc": 256, "k2_loc": 256, "key_solver": "ns3d", "n0": 256, "n0_loc": 8, "n1": 256, "n1_loc": 256, "n2": 256, "n2_loc": 256, "nb_iter": 10, "nb_proc": 32, "pid": 56600, "t_elapsed_sys": 25.44040872901678, "t_elapsed_usr": 25.440413236618042, "time_as_str": "2017-11-26_02-01-04", "type_fft": "fluidfft.fft3d.mpi_with_fftw1d"}
