{"hostname": "n68", "k0_loc": 32, "k1_loc": 64, "k2_loc": 1024, "key_solver": "ns3d", "n0": 1024, "n0_loc": 1024, "n1": 1024, "n1_loc": 64, "n2": 1024, "n2_loc": 64, "nb_iter": 10, "nb_proc": 256, "pid": 45318, "t_elapsed_sys": 477.9967101420043, "t_elapsed_usr": 477.99671459198, "time_as_str": "2017-11-27_03-34-38", "type_fft": "fluidfft.fft3d.mpi_with_p3dfft"}
