{"hostname": "n87", "k0_loc": 128, "k1_loc": 128, "k2_loc": 65, "key_solver": "ns3d", "n0": 128, "n0_loc": 128, "n1": 128, "n1_loc": 128, "n2": 128, "n2_loc": 128, "nb_iter": 10, "nb_proc": 1, "pid": 60432, "t_elapsed_sys": 33.61297157907393, "t_elapsed_usr": 33.612974643707275, "time_as_str": "2017-11-26_01-37-01", "type_fft": "fluidfft.fft3d.with_fftw3d"}
