{"hostname": "n164", "k0_loc": 4, "k1_loc": 512, "k2_loc": 257, "key_solver": "ns3d", "n0": 512, "n0_loc": 4, "n1": 512, "n1_loc": 512, "n2": 512, "n2_loc": 512, "nb_iter": 10, "nb_proc": 128, "pid": 14882, "t_elapsed_sys": 74.72331958799623, "t_elapsed_usr": 74.72332262992859, "time_as_str": "2017-11-26_02-41-11", "type_fft": "fluidfft.fft3d.mpi_with_fftwmpi3d"}
