{"hostname": "n164", "k0_loc": 32, "k1_loc": 256, "k2_loc": 256, "key_solver": "ns3d", "n0": 256, "n0_loc": 64, "n1": 256, "n1_loc": 256, "n2": 256, "n2_loc": 256, "nb_iter": 10, "nb_proc": 4, "pid": 59652, "t_elapsed_sys": 174.55357986898161, "t_elapsed_usr": 174.5535843372345, "time_as_str": "2017-11-26_01-25-51", "type_fft": "fluidfft.fft3d.mpi_with_fftw1d"}
