{"hostname": "n1415", "k0_loc": 128, "k1_loc": 33, "k2_loc": 256, "key_solver": "ns3d", "n0": 256, "n0_loc": 128, "n1": 256, "n1_loc": 64, "n2": 256, "n2_loc": 256, "nb_iter": 10, "nb_proc": 8, "pid": 60574, "t_elapsed_sys": 157.30568670498906, "t_elapsed_usr": 157.30569052696228, "time_as_str": "2017-11-26_01-25-56", "type_fft": "fluidfft.fft3d.mpi_with_pfft"}
