{"hostname": "n200", "k0_loc": 64, "k1_loc": 256, "k2_loc": 129, "key_solver": "ns3d", "n0": 256, "n0_loc": 64, "n1": 256, "n1_loc": 256, "n2": 256, "n2_loc": 256, "nb_iter": 10, "nb_proc": 4, "pid": 27737, "t_elapsed_sys": 121.41194110293873, "t_elapsed_usr": 121.41194415092468, "time_as_str": "2017-11-26_01-26-58", "type_fft": "fluidfft.fft3d.mpi_with_fftwmpi3d"}
