{"hostname": "n1214", "k0_loc": 16, "k1_loc": 128, "k2_loc": 65, "key_solver": "ns3d", "n0": 128, "n0_loc": 16, "n1": 128, "n1_loc": 128, "n2": 128, "n2_loc": 128, "nb_iter": 10, "nb_proc": 8, "pid": 31737, "t_elapsed_sys": 8.565873590996489, "t_elapsed_usr": 8.565877914428711, "time_as_str": "2017-11-26_01-43-00", "type_fft": "fluidfft.fft3d.mpi_with_fftwmpi3d"}
