{"hostname": "n17", "k0_loc": 32, "k1_loc": 32, "k2_loc": 1024, "key_solver": "ns3d", "n0": 1024, "n0_loc": 1024, "n1": 1024, "n1_loc": 64, "n2": 1024, "n2_loc": 32, "nb_iter": 10, "nb_proc": 512, "pid": 57476, "t_elapsed_sys": 187.70880957506597, "t_elapsed_usr": 187.7088122367859, "time_as_str": "2017-11-27_03-39-14", "type_fft": "fluidfft.fft3d.mpi_with_p3dfft"}
