{"hostname": "n164", "k0_loc": 32, "k1_loc": 32, "k2_loc": 256, "key_solver": "ns3d", "n0": 256, "n0_loc": 256, "n1": 256, "n1_loc": 64, "n2": 256, "n2_loc": 32, "nb_iter": 10, "nb_proc": 32, "pid": 62203, "t_elapsed_sys": 33.45248513307888, "t_elapsed_usr": 33.452489137649536, "time_as_str": "2017-11-26_02-01-07", "type_fft": "fluidfft.fft3d.mpi_with_p3dfft"}
