{"hostname": "n325", "k0_loc": 32, "k1_loc": 32, "k2_loc": 128, "key_solver": "ns3d", "n0": 128, "n0_loc": 128, "n1": 128, "n1_loc": 64, "n2": 128, "n2_loc": 32, "nb_iter": 10, "nb_proc": 8, "pid": 13879, "t_elapsed_sys": 8.552398239029571, "t_elapsed_usr": 8.552401542663574, "time_as_str": "2017-11-26_01-22-03", "type_fft": "fluidfft.fft3d.mpi_with_p3dfft"}
