{"hostname": "n52", "k0_loc": 2, "k1_loc": 1024, "k2_loc": 1024, "key_solver": "ns3d", "n0": 1024, "n0_loc": 4, "n1": 1024, "n1_loc": 1024, "n2": 1024, "n2_loc": 1024, "nb_iter": 10, "nb_proc": 256, "pid": 23122, "t_elapsed_sys": 285.70021196000744, "t_elapsed_usr": 285.7002170085907, "time_as_str": "2017-11-26_03-47-20", "type_fft": "fluidfft.fft3d.mpi_with_fftw1d"}
