{"hostname": "n986", "k0_loc": 32, "k1_loc": 32, "k2_loc": 512, "key_solver": "ns3d", "n0": 512, "n0_loc": 512, "n1": 512, "n1_loc": 64, "n2": 512, "n2_loc": 32, "nb_iter": 10, "nb_proc": 128, "pid": 29874, "t_elapsed_sys": 82.34928981401026, "t_elapsed_usr": 82.349294424057, "time_as_str": "2017-11-26_03-29-19", "type_fft": "fluidfft.fft3d.mpi_with_p3dfft"}
