{"hostname": "n1369", "k0_loc": 16, "k1_loc": 16, "k2_loc": 128, "key_solver": "ns3d", "n0": 128, "n0_loc": 128, "n1": 128, "n1_loc": 32, "n2": 128, "n2_loc": 16, "nb_iter": 10, "nb_proc": 32, "pid": 19791, "t_elapsed_sys": 2.930238713044673, "t_elapsed_usr": 2.930243492126465, "time_as_str": "2017-11-26_01-55-10", "type_fft": "fluidfft.fft3d.mpi_with_p3dfft"}
