{"hostname": "n1378", "k0_loc": 16, "k1_loc": 512, "k2_loc": 257, "key_solver": "ns3d", "n0": 512, "n0_loc": 16, "n1": 512, "n1_loc": 512, "n2": 512, "n2_loc": 512, "nb_iter": 10, "nb_proc": 32, "pid": 48870, "t_elapsed_sys": 231.41238014097326, "t_elapsed_usr": 231.41238832473755, "time_as_str": "2017-11-26_02-06-09", "type_fft": "fluidfft.fft3d.mpi_with_fftwmpi3d"}
