{"hostname": "n1396", "k0_loc": 32, "k1_loc": 17, "k2_loc": 128, "key_solver": "ns3d", "n0": 128, "n0_loc": 32, "n1": 128, "n1_loc": 32, "n2": 128, "n2_loc": 128, "nb_iter": 10, "nb_proc": 16, "pid": 361, "t_elapsed_sys": 4.883913266006857, "t_elapsed_usr": 4.883918046951294, "time_as_str": "2017-11-26_01-25-52", "type_fft": "fluidfft.fft3d.mpi_with_pfft"}
