{"hostname": "n87", "k0_loc": 16, "k1_loc": 128, "k2_loc": 128, "key_solver": "ns3d", "n0": 128, "n0_loc": 32, "n1": 128, "n1_loc": 128, "n2": 128, "n2_loc": 128, "nb_iter": 10, "nb_proc": 4, "pid": 63407, "t_elapsed_sys": 16.114762629033066, "t_elapsed_usr": 16.114766359329224, "time_as_str": "2017-11-26_01-41-01", "type_fft": "fluidfft.fft3d.mpi_with_fftw1d"}
