{"hostname": "n214", "k0_loc": 16, "k1_loc": 512, "k2_loc": 257, "key_solver": "ns3d", "n0": 512, "n0_loc": 16, "n1": 512, "n1_loc": 512, "n2": 512, "n2_loc": 512, "nb_iter": 10, "nb_proc": 32, "pid": 15229, "t_elapsed_sys": 227.07311916106846, "t_elapsed_usr": 227.07312560081482, "time_as_str": "2017-11-26_01-28-08", "type_fft": "fluidfft.fft3d.mpi_with_fftwmpi3d"}
