{"hostname": "n1214", "k0_loc": 128, "k1_loc": 33, "k2_loc": 128, "key_solver": "ns3d", "n0": 128, "n0_loc": 128, "n1": 128, "n1_loc": 64, "n2": 128, "n2_loc": 128, "nb_iter": 10, "nb_proc": 2, "pid": 30686, "t_elapsed_sys": 27.861975085921586, "t_elapsed_usr": 27.861977100372314, "time_as_str": "2017-11-26_01-39-30", "type_fft": "fluidfft.fft3d.mpi_with_pfft"}
