{"hostname": "n1357", "k0_loc": 64, "k1_loc": 33, "k2_loc": 512, "key_solver": "ns3d", "n0": 512, "n0_loc": 64, "n1": 512, "n1_loc": 64, "n2": 512, "n2_loc": 512, "nb_iter": 10, "nb_proc": 64, "pid": 51624, "t_elapsed_sys": 213.6119778159773, "t_elapsed_usr": 213.6119818687439, "time_as_str": "2017-11-26_01-32-16", "type_fft": "fluidfft.fft3d.mpi_with_pfft"}
