{"hostname": "n14", "k0_loc": 1, "k1_loc": 512, "k2_loc": 512, "key_solver": "ns3d", "n0": 512, "n0_loc": 2, "n1": 512, "n1_loc": 512, "n2": 512, "n2_loc": 512, "nb_iter": 10, "nb_proc": 256, "pid": 1011, "t_elapsed_sys": 41.925678191008046, "t_elapsed_usr": 41.925684452056885, "time_as_str": "2017-11-26_01-38-54", "type_fft": "fluidfft.fft3d.mpi_with_fftw1d"}
