{"hostname": "n87", "k0_loc": 65, "k1_loc": 64, "k2_loc": 128, "key_solver": "ns3d", "n0": 128, "n0_loc": 128, "n1": 128, "n1_loc": 128, "n2": 128, "n2_loc": 64, "nb_iter": 10, "nb_proc": 2, "pid": 61607, "t_elapsed_sys": 31.590716546983458, "t_elapsed_usr": 31.590720891952515, "time_as_str": "2017-11-26_01-39-03", "type_fft": "fluidfft.fft3d.mpi_with_p3dfft"}
