{"hostname": "n1179", "k0_loc": 32, "k1_loc": 64, "k2_loc": 128, "key_solver": "ns3d", "n0": 128, "n0_loc": 128, "n1": 128, "n1_loc": 64, "n2": 128, "n2_loc": 64, "nb_iter": 10, "nb_proc": 4, "pid": 34712, "t_elapsed_sys": 18.40832980698906, "t_elapsed_usr": 18.408334970474243, "time_as_str": "2017-11-26_01-41-03", "type_fft": "fluidfft.fft3d.mpi_with_p3dfft"}
