{"hostname": "n1214", "k0_loc": 32, "k1_loc": 128, "k2_loc": 65, "key_solver": "ns3d", "n0": 128, "n0_loc": 32, "n1": 128, "n1_loc": 128, "n2": 128, "n2_loc": 128, "nb_iter": 10, "nb_proc": 4, "pid": 26551, "t_elapsed_sys": 11.99325245199725, "t_elapsed_usr": 11.993256092071533, "time_as_str": "2017-11-26_01-22-01", "type_fft": "fluidfft.fft3d.mpi_with_fftwmpi3d"}
