{"hostname": "n17", "k0_loc": 1, "k1_loc": 1024, "k2_loc": 1024, "key_solver": "ns3d", "n0": 1024, "n0_loc": 2, "n1": 1024, "n1_loc": 1024, "n2": 1024, "n2_loc": 1024, "nb_iter": 10, "nb_proc": 512, "pid": 59368, "t_elapsed_sys": 162.4288457299117, "t_elapsed_usr": 162.4288489818573, "time_as_str": "2017-11-27_03-44-16", "type_fft": "fluidfft.fft3d.mpi_with_fftw1d"}
