{"hostname": "n1195", "k0_loc": 64, "k1_loc": 33, "k2_loc": 256, "key_solver": "ns3d", "n0": 256, "n0_loc": 64, "n1": 256, "n1_loc": 64, "n2": 256, "n2_loc": 256, "nb_iter": 10, "nb_proc": 16, "pid": 4919, "t_elapsed_sys": 80.3760420710314, "t_elapsed_usr": 80.37604641914368, "time_as_str": "2017-11-26_01-59-10", "type_fft": "fluidfft.fft3d.mpi_with_pfft"}
