{"hostname": "n1142", "k0_loc": 8, "k1_loc": 128, "k2_loc": 65, "key_solver": "ns3d", "n0": 128, "n0_loc": 8, "n1": 128, "n1_loc": 128, "n2": 128, "n2_loc": 128, "nb_iter": 10, "nb_proc": 16, "pid": 55603, "t_elapsed_sys": 3.9218405749998055, "t_elapsed_usr": 3.9218451976776123, "time_as_str": "2017-11-26_01-46-03", "type_fft": "fluidfft.fft3d.mpi_with_fftwmpi3d"}
