{"hostname": "n164", "k0_loc": 32, "k1_loc": 64, "k2_loc": 512, "key_solver": "ns3d", "n0": 512, "n0_loc": 512, "n1": 512, "n1_loc": 64, "n2": 512, "n2_loc": 64, "nb_iter": 10, "nb_proc": 64, "pid": 8813, "t_elapsed_sys": 198.76065376598854, "t_elapsed_usr": 198.76065754890442, "time_as_str": "2017-11-26_02-08-11", "type_fft": "fluidfft.fft3d.mpi_with_p3dfft"}
