{"hostname": "n1357", "k0_loc": 4, "k1_loc": 512, "k2_loc": 512, "key_solver": "ns3d", "n0": 512, "n0_loc": 8, "n1": 512, "n1_loc": 512, "n2": 512, "n2_loc": 512, "nb_iter": 10, "nb_proc": 64, "pid": 49869, "t_elapsed_sys": 117.38946936500724, "t_elapsed_usr": 117.38947606086731, "time_as_str": "2017-11-26_01-28-52", "type_fft": "fluidfft.fft3d.mpi_with_fftw1d"}
