{"hostname": "n1286", "k0_loc": 64, "k1_loc": 33, "k2_loc": 128, "key_solver": "ns3d", "n0": 128, "n0_loc": 64, "n1": 128, "n1_loc": 64, "n2": 128, "n2_loc": 128, "nb_iter": 10, "nb_proc": 4, "pid": 30658, "t_elapsed_sys": 21.244621634949, "t_elapsed_usr": 21.24462580680847, "time_as_str": "2017-11-26_01-22-31", "type_fft": "fluidfft.fft3d.mpi_with_pfft"}
