{"hostname": "n365", "k0_loc": 65, "k1_loc": 64, "k2_loc": 128, "key_solver": "ns3d", "n0": 128, "n0_loc": 128, "n1": 128, "n1_loc": 128, "n2": 128, "n2_loc": 64, "nb_iter": 10, "nb_proc": 2, "pid": 12059, "t_elapsed_sys": 31.22352054301882, "t_elapsed_usr": 31.223524570465088, "time_as_str": "2017-11-26_01-22-16", "type_fft": "fluidfft.fft3d.mpi_with_p3dfft"}
