{"hostname": "n1398", "k0_loc": 4, "k1_loc": 256, "k2_loc": 256, "key_solver": "ns3d", "n0": 256, "n0_loc": 8, "n1": 256, "n1_loc": 256, "n2": 256, "n2_loc": 256, "nb_iter": 10, "nb_proc": 32, "pid": 59686, "t_elapsed_sys": 25.32311988499714, "t_elapsed_usr": 25.32312512397766, "time_as_str": "2017-11-26_01-27-36", "type_fft": "fluidfft.fft3d.mpi_with_fftw1d"}
