{"hostname": "n1271", "k0_loc": 8, "k1_loc": 512, "k2_loc": 257, "key_solver": "ns3d", "n0": 512, "n0_loc": 8, "n1": 512, "n1_loc": 512, "n2": 512, "n2_loc": 512, "nb_iter": 10, "nb_proc": 64, "pid": 62629, "t_elapsed_sys": 130.1902976819547, "t_elapsed_usr": 130.19030141830444, "time_as_str": "2017-11-26_01-29-49", "type_fft": "fluidfft.fft3d.mpi_with_fftwmpi3d"}
