{"hostname": "n17", "k0_loc": 2, "k1_loc": 1024, "k2_loc": 513, "key_solver": "ns3d", "n0": 1024, "n0_loc": 2, "n1": 1024, "n1_loc": 1024, "n2": 1024, "n2_loc": 1024, "nb_iter": 10, "nb_proc": 512, "pid": 61122, "t_elapsed_sys": 165.27358264406212, "t_elapsed_usr": 165.27359056472778, "time_as_str": "2017-11-27_03-49-06", "type_fft": "fluidfft.fft3d.mpi_with_fftwmpi3d"}
