{"hostname": "n14", "k0_loc": 2, "k1_loc": 512, "k2_loc": 257, "key_solver": "ns3d", "n0": 512, "n0_loc": 2, "n1": 512, "n1_loc": 512, "n2": 512, "n2_loc": 512, "nb_iter": 10, "nb_proc": 256, "pid": 2840, "t_elapsed_sys": 42.998505985946395, "t_elapsed_usr": 42.998509883880615, "time_as_str": "2017-11-26_01-41-09", "type_fft": "fluidfft.fft3d.mpi_with_fftwmpi3d"}
