{"hostname": "n1156", "k0_loc": 32, "k1_loc": 64, "k2_loc": 512, "key_solver": "ns3d", "n0": 512, "n0_loc": 512, "n1": 512, "n1_loc": 64, "n2": 512, "n2_loc": 64, "nb_iter": 10, "nb_proc": 64, "pid": 40041, "t_elapsed_sys": 208.5248912019888, "t_elapsed_usr": 208.52489590644836, "time_as_str": "2017-11-26_01-30-57", "type_fft": "fluidfft.fft3d.mpi_with_p3dfft"}
